:020000040800F2
:1000000078640020290200086D560008F94F0008A6
:100010004D5600082906000815650008000000007C
:10002000000000000000000000000000D15800089F
:10003000A117000800000000615800087559000869
:10004000430200084302000843020008430200087C
:10005000430200084302000843020008430200086C
:10006000430200084302000843020008430200085C
:10007000430200084302000843020008430200084C
:1000800065140008751400084302000843020008C4
:100090002D0600083D060008430200084302000840
:1000A00043020008695A000843020008430200089E
:1000B000795A0008895A00084302000843020008E0
:1000C00043020008430200084302000843020008FC
:1000D00043020008F56400080565000843020008B3
:1000E00043020008430200084302000843020008DC
:1000F00043020008430200084302000843020008CC
:1001000043020008430200084302000843020008BB
:1001100043020008430200084302000843020008AB
:100120004302000843020008851400084302000847
:100130004302000800000000000000004302000825
:100140004D0600085D06000843020008430200084F
:100150004302000843020008951400084302000807
:10016000430200084302000843020008430200085B
:1001700043020008430200080000000000000000E5
:10018000430200084302000800F002F800F03CF8C7
:100190000AA090E8000C82448344AAF10107DA45E2
:1001A00001D100F031F8AFF2090EBAE80F0013F0F8
:1001B000010F18BFFB1A43F00103184760A80000A5
:1001C00080A80000103A24BF78C878C1FAD8520736
:1001D00024BF30C830C144BF04680C6070470000C1
:1001E0000023002400250026103A28BF78C1FBD840
:1001F000520728BF30C148BF0B6070471FB50AF0D7
:100200008AFB1FBD10B510BD00F054F91146FFF771
:10021000F5FF06F0BFFF00F072F903B4FFF7F2FF3D
:1002200003BC00F075F90000094880470948004701
:10023000FEE7FEE7FEE7FEE7FEE7FEE7FEE7FEE796
:10024000FEE7FEE704480549054A064B70470000F3
:10025000555A000889010008785800207864002069
:10026000786000207860002053EA020C00F069807A
:100270002DE9F04B4FF00006002B1FBFB3FA83F5BA
:1002800003FA05F424FA05F65E4012BF1643B2FAEB
:1002900082F502FA05F4C5F120051EBF22FA05FC1D
:1002A00044EA0C04203556EA044C4FEA144418BFC3
:1002B000641C4FF000084FF00009904271EB030CF2
:1002C00039D3002919BFB1FA81F701FA07F6B0FA5C
:1002D00080F700FA07F6C7F120071EBF20FA07FCD7
:1002E00046EA0C062037B6FBF4FCA7EB0507103FE7
:1002F00007F01F0BCBF120062CFA06F60CFA0BFBCD
:1003000044BFB3460026202FA4BF5E464FF0000B2B
:100310005BEA060C08BF4FF0010B19EB0B0948EB29
:100320000608ABFB027C06FB02CC0BFB03CCC01B1C
:1003300071EB0C01C1E70B46024641464846BDE859
:10034000F08B13B5084318BF4FF0FF300146AFF3F1
:100350000080BDE81C407047032A40F2308010F056
:10036000030C00F0158011F8013BBCF1020F624450
:1003700098BF11F801CB00F8013B38BF11F8013BE1
:10038000A2F1040298BF00F801CB38BF00F8013B8E
:1003900011F0030300F05780083AC0F0088051F8CC
:1003A000043B083A51F804CBA0E80810F5E7121D09
:1003B0005CBF51F8043B40F8043BAFF30080D20728
:1003C00024BF11F8013B11F801CB48BF11F8012BF4
:1003D00024BF00F8013B00F801CB48BF00F8012B17
:1003E000704702F0FF0343EA032242EA024200F0B0
:1003F00002B84FF0000200B51346944696462039E5
:1004000022BFA0E80C50A0E80C50B1F12001BFF4CD
:10041000F7AF090728BFA0E80C5048BF0CC05DF833
:1004200004EB890028BF40F8042B08BF704748BF81
:1004300020F8022B11F0804F18BF00F8012B7047F5
:1004400070477047704710B5203AC0F00B80B1E894
:100450001850A0E81850B1E81850A0E81850203AF9
:10046000BFF4F5AF5FEA027C24BFB1E81850A0E802
:10047000185044BF18C918C0BDE810405FEA827C1C
:1004800024BF51F8043B40F8043B08BF7047D20733
:1004900028BF31F8023B48BF11F8012B28BF20F8D4
:1004A000023B48BF00F8012B70470000004870472E
:1004B000100000207546FFF7F9FFAE4605006946BB
:1004C000534620F00700854618B020B5FFF7BAFE66
:1004D000BDE820404FF000064FF000074FF0000845
:1004E0004FF0000BAC46ACE8C009ACE8C009ACE882
:1004F000C009ACE8C00921F007018D46704710B56E
:100500000446AFF300802046BDE81040FFF785BEEB
:1005100001491820ABBEFEE726000200704700002C
:1005200080B586B00590FFE700208DF81300FFE747
:100530009DF8130040F27001C2F200010978884270
:100540002FDAFFE70020C4F2020002904FF480711E
:100550000191012202F058FEFA20039006F048FEB5
:1005600001990298002202F04FFE039806F040FE27
:100570009DF8130040F27001C2F2000109780139C0
:10058000884207D1FFE740F27001C2F2000100206B
:100590000870FFE7FFE79DF8130001308DF81300A6
:1005A000C6E7012006F024FEBEE7000080B586B055
:1005B0000020C4F2020002904FF4807103910122E6
:1005C000019202F021FEC820009002F01FFC029868
:1005D00003990022049202F017FE009802F016FC24
:1005E000019A0298039902F00FFE3220059002F062
:1005F0000DFC02980399049A02F006FE059802F099
:1006000005FC019A0298039902F0FEFD059802F09C
:10061000FDFB02980399049A02F0F6FD059802F09A
:10062000F5FB06B080BD0000FFE7FEE780B540F6B1
:10063000BC30C2F2000001F0F3FB80BD80B540F693
:10064000BC30C2F2000001F0EBFB80BD80B540F68B
:10065000E430C2F2000001F0E3FB80BD80B540F65B
:10066000E430C2F2000001F0DBFB80BD80B58CB04D
:100670000A9000200390029001900A9800F0F4F88C
:1006800020B1FFE700208DF82F005DE00A98017887
:1006900001EB410100EBC1000069069000200790CA
:1006A0000A98017801EB410100EBC100007B089042
:1006B0000898092803D3FFE708200890FFE70020E7
:1006C0008DF82400069848B9FFE70A98017801EBF5
:1006D000410100EBC1008068049008E00A980178AD
:1006E00001EB410100EBC10080680590FFE70A982B
:1006F000017801EB410100EBC10000F11401089AFF
:1007000002A80090FFF728FE009A0A98406804A902
:1007100001AB01F0FBF820B1FFE700208DF82F00BE
:1007200012E00A99087801304AF6AB22CAF6AA22EA
:10073000A0FB0232D20802EB4202A0EB820008705A
:1007400001208DF82F00FFE79DF82F000CB080BD31
:1007500070B58AB0119D109CDDF83CE0DDF838C022
:10076000129E09950894CDF81CE0CDF818C00593A9
:10077000049203910290029800F082F808B1FFE71A
:1007800047E00798092803D3FFE70820019003E01A
:100790009DF81C000190FFE7019802994A7802EB4E
:1007A000420201EBC2010873059802994A7802EBF4
:1007B000420201EBC2010861059818B9FFE70398EE
:1007C000009002E004980090FFE7009802994A78B0
:1007D00002EB420201EBC20188600298417801EB12
:1007E000410100EBC10202F114001299127BFFF7E4
:1007F000B3FD0299487801304AF6AB22CAF6AA2224
:10080000A0FB0232D20802EB4202A0EB8200487049
:10081000FFE70AB070BD000041F26040C2F2000084
:100820000078C00708B1FFE71DE040F27802C2F28D
:10083000000200205070107040F2A011C2F20001BE
:100840004870087040F6BC30C2F20000506040F6BC
:10085000E430C2F20000486041F26041C2F200019F
:1008600001200870FFE7704781B000900099087878
:100870004978401AB0FA80F0400901B07047000092
:1008800081B0009000980178407801304AF6AB22A0
:10089000CAF6AA22A0FB0232D20802EB4202A0EB67
:1008A0008200401AB0FA80F0400901B070470000A1
:1008B00083B002900191029800788DF803000198AE
:1008C0000078029908709DF803000199087003B040
:1008D0007047000084B08DED020ACDED010A8DED68
:1008E000001A9DED020A9DED011AB4EE410AF1EEE7
:1008F00010FA03DAFFE7019803900FE09DED020A7A
:100900009DED001AB4EE410AF1EE10FA03DDFFE7A7
:100910000098039002E002980390FFE79DED030A20
:1009200004B0704783B08DED010ACDED000A9DED56
:10093000010A9DED001AB4EE410AF1EE10FA03DD52
:10094000FFE70098029015E09DED010A9DED001A69
:10095000B1EE411AB4EE410AF1EE10FA07DAFFE700
:100960009DED000AB1EE400A8DED020A02E0019809
:100970000290FFE79DED020A03B0704781B08DED54
:10098000000A9DED000A9FED031A80EE010A01B0F6
:10099000704700BF0000B44310B584B003900398C3
:1009A000B0F844000399B1F86010401A0399A1F817
:1009B00046000398B0F94600012805DBFFE70398DD
:1009C000B0F94600029005E00398B0F946004042B5
:1009D0000290FFE70298B0F5805F12DDFFE7039811
:1009E000B0F846300398B0F946104FF0FF300029B8
:1009F000C8BF012003998A8800FB1230A1F8460085
:100A0000FFE70398B0F946200399886C1044886486
:100A1000039890ED120AB8EEC00A9FED251A20EE59
:100A2000010A8DED010A0398818800EE101AB8EED4
:100A3000400A8DED000A00F033FF9DED001AB0EE84
:100A4000402A9DED010A21EE021A80EE010A039868
:100A500080ED0E0A03984078C00730B1FFE7039895
:100A6000806C0399C1F88C00FFE7039890F86F0041
:100A7000C00740B1FFE7039800F0B6FB03990020E0
:100A800081F86F00FFE70399486B8A6BCB6BD1F855
:100A900040C0D1F844E08C6C4C66C1F860E0C1F80D
:100AA0005CC08B654A650865C86C886604B010BD7B
:100AB0000000B44380B58AB00990002000900890EF
:100AC0000790069005900490039002908DF807001F
:100AD00005900690082107918DF82000099800786C
:100AE00004280CD8FFE74FF40070039009980178B0
:100AF0006FF0010000EB41008DF807000BE040F2C1
:100B0000FF100390099801786FF0090000EB410095
:100B10008DF80700FFE70998018B9DF8072040F248
:100B20009860C2F2000081529DF807100844411CF1
:100B3000FFF7BEFE09980078042805D0FFE7099862
:100B4000007808280BD1FFE700F0A8F840F298627F
:100B5000C2F2000203A902AB00F0D8FEFFE70AB020
:100B600080BD000080B584B000200390FFE70398AB
:100B7000032800F29180FFE7039840F2C822C2F2F6
:100B80000002F42100FB01204078C007002869D052
:100B9000FFE7039840F2C822C2F200020092F4215B
:100BA000019100FB012000F0A1FB009A019903983C
:100BB00000FB0120C07801460291042850D8029918
:100BC000DFE801F003131E293400039840F2C82225
:100BD000C2F20002F42100FB0123002018830398D5
:100BE00000FB0120FFF766FF52E0039840F2C822A5
:100BF000C2F20002F42100FB012000F005FB30E00E
:100C0000039840F2C822C2F20002F42100FB012046
:100C100000F098F925E0039840F2C822C2F20002E1
:100C2000F42100FB012000F08FFB1AE0039840F252
:100C3000C822C2F20002F42100FB0120B0F9180022
:100C400000EE100AB8EEC00A039800FB0120B0F9CC
:100C5000140001EE100AF8EEC10AFFF763FE00E08F
:100C6000FFE70AE0039840F2C822C2F20002F42132
:100C700000FB012100200883FFE7039840F2C8220F
:100C8000C2F20002F42100FB0120FFF713FFFFE78F
:100C90000398013003906AE704B080BD40F6BC3091
:100CA000C2F2000070470000F0B5A1B040F2FF10A2
:100CB0001F904FF07E511D910020C4F210201E9015
:100CC00041F6FF70ADF8700041F29412ADF880204B
:100CD0004FF400721A9218914AF22C01C4F2991141
:100CE0001991ADF85C0042F21070ADF86C00012172
:100CF0008DF84310002006908DF858000022C4F2B1
:100D0000873211920022CCF2873212928DF8410084
:100D10008DF842104FF4D77214928DF840004FF4C2
:100D2000C872ADF84C2040F6B832ADF856203222E9
:100D3000ADF854208DF83F108DF83D008DF83E0041
:100D40008DF83C000D90ADF83800ADF83A000B90EE
:100D5000ADF83000ADF832000A90FFE70A9803289A
:100D600062D8FFE70A9840F2C823C2F20003039357
:100D7000F422049200FB02310020059048700A9989
:100D800001FB023188700A9901FB023C0F99CCF8F3
:100D90006C100A9901FB023C1099DDF844E0129CAA
:100DA000139D149E159FCCF88470CCF88060CCF80D
:100DB0007C50CCF87840CCF874E0CCF870101699E0
:100DC000CCF888100A9901FB023C0D99DDF838E057
:100DD000CCF890E0CCF88C100A9901FB023C0B99FE
:100DE000DDF830E0CCF898E0CCF894100A9901FBDB
:100DF000023108830A9901FB0231C8610A9901FB9B
:100E0000023108840A9901FB0231C8620A9901FB88
:100E1000023188640A9901FB0231A1F86000FFE702
:100E20000A9801300A9099E700200990FFE7099895
:100E3000032820D8FFE7099A501CF42102FB01F394
:100E400040F2C822C2F20002D054099800FB0121EE
:100E50001C981D9A1E9BDDF87CC0DDF880E0C1F86F
:100E600014E0C1F810C0CB608A604860FFE70998C1
:100E700001300990DBE700200890FFE70898002880
:100E800024D2FFE7089B581D40F2C822C2F200029C
:100E9000F42103FB012383F8D003089800FB012110
:100EA0001798189A199BDDF868C0DDF86CE0C1F856
:100EB000E4E3C1F8E0C3C1F8DC33C1F8D823C1F8DA
:100EC000D403FFE7089801300890D7E70020079087
:100ED000FFE70798032828D8FFE7079840F2C822C1
:100EE000C2F200020192F421029100FB01209C3029
:100EF0009FED0F0ADFED0F0A9FED0F1A002104F09E
:100F000079FC019A0299079800FB0120C830B1EEE4
:100F1000060ADFED0A0A9FED0A1A012104F06AFCB5
:100F2000FFE7079801300790D3E721B0F0BD00BF7D
:100F3000295C8F3D6F12033A000000009A99993E98
:100F40000AD7233C80B586B00590059890F87100CB
:100F5000C00770B1FFE7059890ED070A059890ED7E
:100F60001D1AD0ED1E0AFFF7B5FC059880ED070AA3
:100F7000FFE7059890ED070A8DED040A059800F04B
:100F80008FFCB0EE401A9DED040A20EE010A059890
:100F9000818801EE101AB8EE411A20EE010A9FED89
:100FA000411A80EE010ABDEEC00A80ED0B0A0598D9
:100FB00090ED0B0AB8EEC00A059880ED2A0A059854
:100FC00090ED120AB8EEC00A059880ED2B0A05983C
:100FD0009C3004F083FB059880ED350A059890F865
:100FE0007200C007E0B1FFE7059890ED350A8DED7E
:100FF000030A059890ED200AB8EEC00A8DED020AAA
:1010000000F04EFC9DED021AB0EE402A9DED030A61
:1010100061EE020AFFF786FC059880ED350AFFE7CE
:101020000598B0F93C0000EE100AB8EEC00A8DED4C
:10103000010A059800F034FCB0EE401A9DED010A5B
:1010400020EE010A059880ED360A0598C83004F0B4
:1010500045FBB0EE401A0599B1F9180000EE100AF0
:10106000B8EEC00A30EE010ABDEEC00A10EE100A5A
:1010700008830598B0F9180000EE100AB8EEC00A0F
:101080000598B0F9140001EE100AF8EEC10AFFF756
:1010900049FCBDEEC00A10EE100A0599088306B09F
:1010A00080BD00BF0000B443B0B58CB0129CDDF829
:1010B00044E0DDF840C0139D0B94CDF828E0CDF856
:1010C00024C00893079206910590079868B9FFE736
:1010D000089850B9FFE70598B0F5007F05D9FFE7FC
:1010E0000598B0F5027F01D9FFE777E00598A0F5F4
:1010F00000708DF813009DF81300052801D3FFE759
:101100006CE09DF8130040F2C822C2F20002F42104
:1011100010FB0120F438039013980178407840EADE
:1011200001200399A1F8440013988178C07840EA1F
:101130000120ADF80A0013980179407940EA0120B6
:10114000039988860398007806F01EF8A0B1FFE79F
:1011500013988079039981F84C000398B0F9340012
:1011600000EE100AB8EEC00A9FED1E1A20EE010A2A
:10117000039880ED100A12E00398B0F9340000EEF5
:10118000100AB8EEC00A9FED161A80EE010AB2EE00
:10119000041A20EE010A039880ED100AFFE7BDF95A
:1011A0000A0000EE100AB8EEC00A8DED010A03989D
:1011B00000F076FBB0EE401A9DED010A80EE010AC8
:1011C000BDEEC00A10EE100A03998887039900202B
:1011D000C1F894000398FFF7DFFBFFE70CB0B0BD48
:1011E00000401C46E5FF9F3A81B000900099002026
:1011F00081F86F0000998863009988640099C1F8AC
:101200008C0001B07047000080B584B00390039853
:1012100090F87000C00798B1FFE7039890ED350A89
:101220000398B0F97C0001EE100AF8EEC10AFFF74E
:1012300079FBBDEEC00A10EE100A03990884FFE79F
:101240000398B0F9200000EE100AB8EEC00A8DED48
:10125000010A039800F024FBB0EE401A9DED010A4C
:1012600020EE010A039880ED350A0398B0F93C009E
:1012700000EE100AB8EEC00A8DED020A039800F0E5
:101280000FFBB0EE401A9DED020A20EE010A039812
:1012900080ED360A0398C83004F020FAB0EE401A08
:1012A0000399B1F9180000EE100AB8EEC00A30EE4A
:1012B000010ABDEEC00A10EE100A08830398B0F9C7
:1012C000180000EE100AB8EEC00A0398B0F9140036
:1012D00001EE100AF8EEC10AFFF724FBBDEEC00ACA
:1012E00010EE100A0399088304B080BD80B582B067
:1012F0000190019880780199C978884221D0FFE750
:10130000019880780199C8700199002000900883A5
:10131000019908840198806B0199C86101989C30FB
:1013200004F08AFA0198C83004F086FA009801990E
:1013300081F86C00019981F86D00019981F86E00C7
:10134000FFE702B080BD000080B584B00390039831
:10135000B0F9841000EE101AB8EEC00A8DED010A43
:1013600000F09EFAB0EE401A9DED010A20EE010A4F
:10137000039880ED350A0398B0F93C0000EE100A9E
:10138000B8EEC00A8DED020A039800F089FAB0EEBB
:10139000401A9DED020A20EE010A039880ED360AFC
:1013A0000398C83004F09AF9B0EE401A0399B1F9E5
:1013B000180000EE100AB8EEC00A30EE010ABDEEC9
:1013C000C00A10EE100A08830398B0F9180000EE66
:1013D000100AB8EEC00A0398B0F9860001EE100AB0
:1013E000F8EEC10AFFF79EFABDEEC00A10EE100A31
:1013F000039908830398B0F94600012805DBFFE74D
:101400000398B0F94600009005E00398B0F9460053
:1014100040420090FFE700980E2820DCFFE7039A87
:10142000B2F89000411CA2F89010652816D3FFE78F
:1014300003990020A1F89000039A012182F86C1012
:101440000399487003989C3004F0F6F90398C8306B
:1014500004F0F2F90398FFF7C7FEFFE7FFE704B0D7
:1014600080BD000080B540F6CC40C2F2000001F023
:1014700023FA80BD80B540F62C50C2F2000001F086
:101480001BFA80BD80B540F60C40C2F2000001F0AE
:1014900013FA80BD80B540F66C40C2F2000001F046
:1014A0000BFA80BD82B001900198007810384AF69E
:1014B000AB21CAF6AA21A0FB0110000900900099F7
:1014C0004AF66C10C0F60000405C0199C8650098AF
:1014D000042807D3FFE701990868042262F3090092
:1014E000886506E00199086840F2FF3290438865FC
:1014F000FFE70198806D02B07047000086B005904C
:1015000000208DF813000598806A03900598806983
:1015100010BBFFE70398029003281BD80299DFE86D
:1015200001F0020D0218059890F82F00C00720B1B5
:10153000FFE701208DF81300FFE70CE00598C06A73
:10154000B0F1C07F04D1FFE701208DF81300FFE761
:1015500001E000E0FFE745E005988069B0F5005F35
:1015600025D1FFE70398019003281ED80199DFE8F1
:1015700001F00206021101208DF8130016E0059813
:1015800090F82F00C00720B1FFE701208DF813006D
:10159000FFE70BE00598C06AB0F1C07F04D1FFE718
:1015A00001208DF81300FFE700E0FFE719E0039842
:1015B0000090032804D3FFE70098032804D00EE02E
:1015C00001208DF813000BE0059890F82F00C0075C
:1015D00020B1FFE701208DF81300FFE700E0FFE7EF
:1015E000FFE7FFE79DF8130006B0704784B0039053
:1015F00002910192009303980168086820F480200A
:10160000086000980399096848600398806840283A
:1016100009D1FFE701980399096888600298039946
:101620000968C86008E00298039909688860019811
:1016300003990968C860FFE704B0704780B582B0BD
:101640008DF8060040F2B060C2F2000090F806018A
:10165000012871D1FFE79DF8061040F2B060C2F298
:10166000000080F8011190F801015A2856D1FFE7D7
:1016700000208DF805000090FFE7009840F2B0616F
:10168000C2F2000191F802110139884210DAFFE735
:10169000009940F2B060C2F20000415C9DF8050084
:1016A00008448DF80500FFE7009801300090E4E75A
:1016B00040F2B061C2F20001002081F8060191F809
:1016C0000201084410F8010C9DF80510884224D14D
:1016D000FFE740F2B060C2F2000090F80201232858
:1016E00013D1FFE740F2B870C2F2000000F05AF8E0
:1016F00050B9FFE740F2B061C2F20001002081F86A
:1017000002018DF8070046E0FFE740F2B061C2F247
:101710000001002081F80201FFE70CE09DF80600BF
:1017200040F2B061C2F2000191F80221531C81F82D
:1017300002318854FFE715E09DF8061040F2B060D2
:10174000C2F2000080F8001190F80001A52808D12D
:10175000FFE740F2B061C2F20001012081F806010A
:10176000FFE7FFE740F2B060C2F2000090F802012C
:1017700080280CDBFFE740F2B061C2F200010020DC
:1017800081F8060181F802018DF8070003E00120CD
:101790008DF80700FFE79DF8070002B080BD00004C
:1017A0007047000086B0049000208DF80F008DF87F
:1017B0000E000290FFE7029811281CDCFFE7029858
:1017C000C11700EB5170C11040F2B060C2F20000CE
:1017D000405C9DF80E104A1C8DF80E2001F00701A8
:1017E000C84000F001000499029A8854FFE702986B
:1017F00001300290DFE703208DF80F0000208DF804
:101800000700FFE79DF80700022816DCFFE79DF8B8
:101810000F10481C8DF80F0040F2B060C2F20000BB
:10182000405C04999DF8072011448874FFE79DF8F7
:10183000070001308DF80700E4E700200090FFE783
:101840000098062816DCFFE70498009900EB810158
:101850009DF80F2040F2B060C2F20000805888610D
:101860009DF80F0004308DF80F00FFE7009801305D
:101870000090E5E79DF80F00222804D0FFE7002044
:101880008DF8170003E001208DF81700FFE79DF8A1
:10189000170006B07047000072B6FFE7FEE70000D1
:1018A00081B00090009890ED020A90ED031A20EEAE
:1018B000010A01B07047000084B0029001910298C3
:1018C00090F820008DF803009DF80300012805D052
:1018D000FFE79DF8030002280AD1FFE7019A02986A
:1018E000016848691043486100208DF80F0008E046
:1018F0000299486A40F48020486201208DF80F0068
:10190000FFE79DF80F0004B07047000088B0069014
:10191000059104920393069890F820008DF8070033
:1019200006980068806800900598806808B9FFE70D
:1019300000E0FFE79DF80700012806D0FFE79DF8CB
:101940000700022840F08080FFE79DF80300400771
:1019500000280CD4FFE79DF803000007002806D4F8
:10196000FFE79DF80300C006002864D5FFE7009854
:10197000C0F3016002900299012088400399086039
:101980000598806868B9FFE705980168C06840EA73
:10199000415006990968029A01EB0211C1F88001D1
:1019A0000EE005994A688868C96840EAC2000843A1
:1019B00006990968029A01EB0211C1F88001FFE75C
:1019C0000598006906990968029A01EB0211C1F8AD
:1019D00084010598007D01280CD1FFE70698006876
:1019E000029900EB0111D1F8840140F48070C1F834
:1019F0008401FFE70498406806990968029A01EBA0
:101A00000211C1F88C010498006806990968029ACD
:101A100001EB0211C1F8880106980068029900EBF9
:101A20000111D1F8800140F00100C1F880010020CF
:101A30008DF81F0011E00699486A40F400104862D2
:101A400001208DF81F0008E00699486A40F48020C4
:101A5000486201208DF81F00FFE79DF81F0008B0C5
:101A60007047000086B004900391049890F820001D
:101A70008DF803009DF80300012806D0FFE79DF8CC
:101A80000300022840F0B080FFE746F20040C4F2B5
:101A9000000001900199D1F8000240F00100C1F866
:101AA00000020199D1F8000220F47C50C1F8000234
:101AB0000398426A0199D1F8000240EA0220C1F875
:101AC00000020398406900F01F0101208840029045
:101AD000029A0199D1F81C029043C1F81C020398A4
:101AE000C069F0B9FFE7029A0199D1F80C0290435E
:101AF000C1F80C02039A9088D168526940EA01400B
:101B0000019901EBC201C1F84002039A1088916863
:101B1000526940EA0140019901EBC201C1F8440257
:101B2000FFE70398C06901281ED1FFE7029A0199D7
:101B3000D1F80C021043C1F80C02039A9088116886
:101B4000526940EA0140019901EBC201C1F840022B
:101B5000039A90899168526940EA0140019901EB2A
:101B6000C201C1F84402FFE70398806940B9FFE76A
:101B7000029A0199D1F804029043C1F8040207E0E7
:101B8000029A0199D1F804021043C1F80402FFE758
:101B90000398006940B9FFE7029A0199D1F814024D
:101BA0009043C1F8140207E0029A0199D1F8140297
:101BB0001043C1F81402FFE70398006A012808D116
:101BC000FFE7029A0199D1F81C021043C1F81C02E8
:101BD000FFE70199D1F8000220F00100C1F80002EE
:101BE00000208DF8170008E00499486A40F480202E
:101BF000486201208DF81700FFE79DF8170006B036
:101C00007047000081B0009001B0704786B004902A
:101C1000039102920193049890F820008DF803003C
:101C20009DF80300012806D0FFE79DF80300022875
:101C300040F0E880FFE7039880B9FFE70498006868
:101C4000C068800748B9FFE70499486A40F400106B
:101C5000486201208DF81700DDE00FE0049800686D
:101C60000069800748B9FFE70499486A40F400100A
:101C7000486201208DF81700CDE0FFE70498006866
:101C8000039900EB0110D0F8B00100F004000299B4
:101C900088600298806858B9FFE704980068039943
:101CA00000EB0110D0F8B001400D029908600AE085
:101CB00004980068039900EB0110D0F8B001C00847
:101CC00002994860FFE704980068039900EB01104F
:101CD000D0F8B00100F002000299C86004980068D2
:101CE000039900EB0110D0F8B40100F00F000828B0
:101CF00004D3FFE70299082008610BE0049800680C
:101D0000039900EB0110D0F8B40100F00F00029924
:101D10000861FFE704980068039900EB0110D0F810
:101D2000B40180B2000A029988610498006803999E
:101D300000EB0110D0F8B401000C0299486104983E
:101D40000068039900EB0110D0F8B8010199087000
:101D500004980068039900EB0110D0F8B801000A5C
:101D60000199487004980068039900EB0110D0F8BD
:101D7000B801000C0199887004980068039900EB81
:101D80000110D0F8B801000E0199C87004980068DD
:101D9000039900EB0110D0F8BC0101990871049877
:101DA0000068039900EB0110D0F8BC01000A01990A
:101DB000487104980068039900EB0110D0F8BC0149
:101DC000000C0199887104980068039900EB0110D8
:101DD000D0F8BC01000E0199C871039838B9FFE72B
:101DE00004980168C86840F02000C86006E00498C4
:101DF0000168086940F020000861FFE700208DF8C5
:101E0000170008E00499486A40F4802048620120E5
:101E10008DF81700FFE79DF8170006B07047000027
:101E200080B58AB009900020089009980068406940
:101E300007900998006840680690099800688068D3
:101E4000059009980068C0680490099800680069C6
:101E5000039009980068806902909DF81C00C007F3
:101E6000002800F09480FFE79DF81400C00758B3E5
:101E7000FFE709980168012088609DF81400800739
:101E8000002804D5FFE7099800F066FC1BE09DF8E8
:101E900014004007002805D5FFE7089840F40060CB
:101EA00008900FE09DF814000007002805D5FFE713
:101EB000089840F48050089003E0099800F048FC2E
:101EC000FFE7FFE7FFE7FFE79DF81500C00760B3F6
:101ED000FFE7099801684FF4807088609DF815004D
:101EE0008007002804D5FFE7099800F03DFC1BE0BF
:101EF0009DF815004007002805D5FFE7089840F435
:101F0000005008900FE09DF815000007002805D547
:101F1000FFE7089840F48040089003E0099800F03B
:101F20001FFCFFE7FFE7FFE7FFE79DF81600C0078C
:101F300060B3FFE7099801684FF4803088609DF82E
:101F400016008007002804D5FFE7099800F014FC6C
:101F50001BE09DF816004007002805D5FFE708980C
:101F600040F4004008900FE09DF81600000700289C
:101F700005D5FFE7089840F48030089003E0099801
:101F800000F0F6FBFFE7FFE7FFE7FFE7FFE79DF85D
:101F90001C000007002810D5FFE79DF81000C006C0
:101FA000002809D5FFE7089840F4007008900998C8
:101FB00001681020C860FFE7FFE79DF81C0040079C
:101FC00000280FD5FFE79DF810000007002808D56E
:101FD000FFE7099801680820C860099800F0E2FA54
:101FE000FFE7FFE79DF81C00800700280BD5FFE7FF
:101FF00009980068C068800720B1FFE7099800F0E1
:10200000D5FAFFE7FFE79DF81C004006002810D531
:10201000FFE79DF80C00C006002809D5FFE70898E7
:1020200040F4806008900998016810200861FFE77B
:10203000FFE79DF81C00800600280FD5FFE79DF8FC
:102040000C000007002808D5FFE709980168082060
:102050000861099800F0EAFAFFE7FFE79DF81C0025
:10206000C00600280BD5FFE70998006800698007C3
:1020700020B1FFE7099800F0DDFAFFE7FFE79DF8E0
:102080001E00800700280FD5FFE79DF81800C00646
:10209000002808D5FFE709980168102048600998D2
:1020A00000F00CFBFFE7FFE79DF81E00C00778B1CA
:1020B000FFE79DF818000007002808D5FFE70998FA
:1020C000016808204860099800F05AFBFFE7FFE725
:1020D0009DF81D000006002840F18D80FFE79DF867
:1020E00018004007002840F18180FFE79DF81D009F
:1020F000C00750B1FFE79DF80800C00728B1FFE70F
:10210000089840F001000890FFE79DF81D00800747
:1021100000280BD5FFE79DF808008007002805D5AB
:10212000FFE7089840F002000890FFE79DF81D00C7
:10213000400700280BD5FFE79DF80800400700285E
:1021400005D5FFE7089840F004000890FFE79DF8E8
:102150001D000007002848D5FFE79DF8080010F093
:10216000700F42D0FFE7029800F070000146019125
:10217000102814D0FFE70198202815D0FFE7019818
:10218000302816D0FFE70198402817D0FFE70198C4
:10219000502818D0FFE70198602819D01DE0089852
:1021A00040F00800089019E0089840F010000890EE
:1021B00014E0089840F0200008900FE0089840F0E4
:1021C000400008900AE0089840F08000089005E080
:1021D000089840F48070089000E0FFE709980168D3
:1021E000886920F070008861FFE7FFE709980168BF
:1021F00004204860FFE7089848B1FFE7089A09996A
:10220000486A104348620998FFF7FCFCFFE70AB0F0
:1022100080BD000080B584B00290029820B9FFE72D
:1022200001208DF80F00E0E0029890F8200020B91E
:10223000FFE7029800F0DEF8FFE7029801680868FF
:1022400040F00100086000F0F7FF0190FFE70298FE
:1022500000684068C007A8B9FFE700F0EDFF0199EA
:10226000401A0B280DD3FFE70299486A40F400306A
:1022700048620299052081F8200001208DF80F00A6
:10228000B3E0E4E702980168086820F00200086003
:1022900000F0D2FF0190FFE70298006840688007D5
:1022A000002815D5FFE700F0C7FF0199401A0B2859
:1022B0000DD3FFE70299486A40F400304862029962
:1022C000052081F8200001208DF80F008DE0E3E764
:1022D0000298007E012807D1FFE70298016808688C
:1022E00040F08000086006E002980168086820F06D
:1022F00080000860FFE70298407E012807D1FFE7D1
:1023000002980168086840F04000086006E0029802
:102310000168086820F040000860FFE70298807EAE
:10232000012807D1FFE702980168086840F0200003
:10233000086006E002980168086820F02000086044
:10234000FFE70298C07E012807D1FFE702980168E5
:10235000086820F01000086006E00298016808682C
:1023600040F010000860FFE70298007F012807D1C5
:10237000FFE702980168086840F00800086006E07E
:1023800002980168086820F008000860FFE70298DA
:10239000407F012807D1FFE702980168086840F0F4
:1023A0000400086006E002980168086820F0040054
:1023B0000860FFE7029B19685A689868D3F80CC058
:1023C00040EA0C00D3F810C040EA0C005B691843E7
:1023D000013A1043C861029900204862029A012123
:1023E00082F820108DF80F00FFE79DF80F0004B071
:1023F00080BD000080B594B0139000201290119021
:1024000010900F900E901398006846F20041C4F2AD
:102410000001884254D1FFE740F2A460C2F20000FC
:102420000168013101600068012812D1FFE7FFE770
:1024300000200D9043F64000C4F20200016841F014
:1024400000710160006800F000700D900D98FFE7CA
:10245000FFE7FFE700200C9043F63000C4F20200D3
:10246000016841F001010160006800F001000C907A
:102470000C98FFE74FF4C0500E9002200F90002000
:102480000790109003201190092012900020C4F2B0
:1024900002000EA900F0DCFC079A1420059005212B
:1024A000069100F09DFF059800F090FF0699079AAD
:1024B0001520089000F094FF089800F087FF6EE068
:1024C0001398006846F60001C4F20001884265D105
:1024D000FFE7FFE700200B9043F64000C4F2020044
:1024E000016841F080610160006800F080600B903D
:1024F0000B98FFE740F2A460C2F2000001680131CE
:1025000001600068012812D1FFE7FFE700200A9070
:1025100043F64000C4F20200016841F0007101601E
:10252000006800F000700A900A98FFE7FFE7FFE7F5
:102530000020099043F63000C4F20200016841F027
:1025400002010160006800F0020009900998FFE7AD
:1025500060200E9002200F90002003901090032026
:1025600011900920129040F20040C4F202000EA91E
:1025700000F06EFC039A402001900521029100F0CA
:102580002FFF019800F022FF0299039A4120049046
:1025900000F026FF049800F019FFFFE7FFE714B0F2
:1025A00080BD000081B0009001B0704770B58EB062
:1025B0000D900D98006846F20041C4F20001884277
:1025C0001ED1FFE70D98002106AA04ABFFF71EFB02
:1025D000A8B9FFE706980799089A099BDDF828C073
:1025E0000B9C0C9DEE4604AECEF80C60CEF8085065
:1025F000CEF80440CEF800C0FEF756FDFFE713E02A
:102600000D98006846F60001C4F2000188420AD124
:10261000FFE70D98002106AA04ABFFF7F7FA08B907
:10262000FFE7FFE7FFE7FFE70EB070BD81B0009066
:1026300001B0704770B590B00F900F98006846F2E7
:102640000041C4F2000188420AD1FFE70F9801213E
:1026500008AA06ABFFF7DAFA08B9FFE7FFE72AE0B6
:102660000F98006846F60001C4F20001884221D1AB
:10267000FFE70F98012108AA06ABFFF7C7FAC0B918
:10268000FFE7089809990A9A0B9BDDF830C00D9C6A
:102690000E9DEE460126CEF8106006AECEF80C6018
:1026A000CEF80850CEF80440CEF800C004F01AF975
:1026B000FFE7FFE7FFE710B070BD000081B00090BA
:1026C00001B0704780B584B00290029890F8200065
:1026D00001282FD1FFE70299022081F820000298FB
:1026E0000168086820F00100086000F0A5FD019075
:1026F000FFE7029800684068C007A8B1FFE700F054
:102700009BFD0199401A0B280DD3FFE70299486AF7
:1027100040F4003048620299052081F82000012031
:102720008DF80F000FE0E4E70299002048628DF871
:102730000F0008E00299486A40F400204862012036
:102740008DF80F00FFE79DF80F0004B080BD00007A
:1027500081B0009001B0704781B0009001B0704727
:1027600081B0009001B0704781B0009001B0704717
:1027700081B0009001B0704781B0009001B0704707
:1027800081B0009001B0704780B584B0029002988B
:10279000806D019000F050FD0090029890F8350097
:1027A00002280DD0FFE7029980204865FFE70299D3
:1027B000002081F83400FFE701208DF80F0055E07C
:1027C00002980168086820F0160008600298016805
:1027D000486920F0800048610298006C20B9FFE74A
:1027E0000298806C38B1FFE702980168086820F011
:1027F00008000860FFE702980168086820F00100FF
:102800000860FFE7029800680068C007C8B1FFE7EA
:1028100000F012FD0099401A062811D3FFE7029933
:10282000202048650299032081F83500FFE70299CE
:10283000002081F83400FFE703208DF80F0015E039
:10284000E0E70298C16D3F208840019988600299B5
:10285000012081F83500FFE70299002081F834005B
:10286000FFE7FFE700208DF80F00FFE79DF80F005E
:1028700004B080BD82B00090009890F83500022826
:1028800007D0FFE700998020486501208DF80700F8
:102890000EE00099052081F835000098016808686D
:1028A00020F001000860FFE700208DF80700FFE737
:1028B0009DF8070002B0704780B586B005900020F3
:1028C000039040F20000C2F20000006848F2B51127
:1028D000C1F64E31A0FB0110800A02900598806D70
:1028E000019001980068049004980599C96DC8404A
:1028F000000700281AD5FFE7059800680068400720
:10290000002812D5FFE705980168086820F0040048
:1029100008600598C16D0820884001998860059974
:10292000486D40F001004865FFE7FFE7049805990E
:10293000C96DC840C007A0B1FFE7059800684069AD
:10294000000600280CD5FFE70598C16D01208840DE
:10295000019988600599486D40F002004865FFE7DD
:10296000FFE704980599C96DC8404007002814D5B1
:10297000FFE7059800680068800700280CD5FFE78E
:102980000598C16D04208840019988600599486DBB
:1029900040F004004865FFE7FFE704980599C96D1A
:1029A000C840C006002847D5FFE7059800680068C2
:1029B000000700283FD5FFE70598C16D102088402B
:1029C00001998860059800680068400300281AD5BE
:1029D000FFE70598006800680003002809D4FFE7B6
:1029E0000598006C20B1FFE70598016C8847FFE768
:1029F00008E00598806C20B1FFE70598816C884756
:102A0000FFE7FFE716E0059800680068C0050028AA
:102A100007D4FFE705980168086820F008000860FF
:102A2000FFE70598006C20B1FFE70598016C884727
:102A3000FFE7FFE7FFE7FFE704980599C96DC84086
:102A40008006002840F18D80FFE705980068006847
:102A5000C006002840F18480FFE70598C16D202062
:102A6000884001998860059890F83500052834D190
:102A7000FFE705980168086820F0160008600598CF
:102A80000168486920F0800048610598006C20B911
:102A9000FFE70598806C38B1FFE705980168086882
:102AA00020F008000860FFE70598C16D3F208840CE
:102AB000019988600599012081F83500FFE70599A3
:102AC000002081F83400FFE70598006D20B1FFE792
:102AD0000598016D8847FFE77BE00598006800686E
:102AE000400300281AD5FFE7059800680068000336
:102AF000002809D4FFE70598406C20B1FFE705984E
:102B0000416C8847FFE708E00598C06B20B1FFE7FC
:102B10000598C16B8847FFE7FFE720E0059800684C
:102B20000068C005002811D4FFE70598016808680F
:102B300020F0100008600599012081F83500FFE7BA
:102B40000599002081F83400FFE7FFE70598C06B86
:102B500020B1FFE70598C16B8847FFE7FFE7FFE774
:102B6000FFE70598406DA0B3FFE70598406DC007EB
:102B700030B3FFE70599052081F835000598016815
:102B8000086820F001000860FFE703980130039017
:102B90000299884201D9FFE707E0FFE7059800683E
:102BA0000068C0070028F0D1FFE70599012081F8EF
:102BB0003500FFE70599002081F83400FFE7FFE7C3
:102BC0000598C06C20B1FFE70598C16C8847FFE706
:102BD000FFE706B080BD000080B586B004900020FD
:102BE000039000F029FB0290049820B9FFE7012030
:102BF0008DF81700A3E00498406A08B1FFE7FFE7EB
:102C00000499022081F83500FFE70499002081F83B
:102C10003400FFE704980168086820F001000860AC
:102C2000FFE7049800680068C00790B1FFE700F074
:102C300003FB0299401A06280AD3FFE704992020D3
:102C400048650499032081F835008DF8170076E077
:102C5000E7E70498006800680390039848F23F0192
:102C6000CFF2100108400390049900914868D1F810
:102C700008C0CB680A6940EA0C00184310434A694F
:102C800010438A691043CA691043096A01430398D3
:102C9000084303900498406A042808D1FFE7049988
:102CA000C86A096B0143039808430390FFE7039840
:102CB00004990968086004980068406903900398C3
:102CC00020F0070003900498416A0398084303909A
:102CD0000498406A04281AD1FFE70498816A03988F
:102CE000084303900498C06A80B1FFE70498FEF798
:102CF00005FC50B1FFE70499402048650499012084
:102D000081F835008DF8170019E0FFE7FFE7039819
:102D10000499096848610498FEF7C4FB019004987F
:102D2000C16D3F2088400199886004990020486562
:102D3000049A012182F835108DF81700FFE79DF8FD
:102D4000170006B080BD000080B588B006900591E0
:102D50000492039300208DF80B000698806D01907B
:102D6000FFE7069890F83400012804D1FFE702201D
:102D70008DF81F0045E00699012081F83400FFE737
:102D8000FFE7069890F8350001282BD1FFE7069958
:102D9000022081F8350006990020486506980599BB
:102DA000049A039BFEF722FC0698C16D3F208840E1
:102DB0000199886006980168086840F0160008606C
:102DC0000698006C38B1FFE706980168086840F083
:102DD00008000860FFE706980168086840F00100F5
:102DE000086009E0FFE70699002081F83400FFE75A
:102DF00002208DF80B00FFE79DF80B008DF81F00F7
:102E0000FFE79DF81F0008B080BD000080B584B0CA
:102E1000039000F011FA029003980190019801309C
:102E200048B1FFE740F20400C2F2000001780198C7
:102E300008440190FFE7FFE700F0FEF90299401A0D
:102E40000199884201D2FFE7F6E704B080BD000097
:102E50008EB00D900C9100200A90099008900B9074
:102E6000FFE70B980F2800F2CC81FFE70B990120B8
:102E700088400A900C9800680A99084009900998BF
:102E80000A99884240F0B881FFE70C98406800F04A
:102E90000300012807D0FFE70C98406800F003000A
:102EA00002282FD1FFE70D98806808900B98410009
:102EB000032000FA01F10898884308900C98C06834
:102EC0000B99490000FA01F1089808430890089806
:102ED0000D9988600D98406808900B99012000FAC0
:102EE00001F10898884308900C984068C0F30010DE
:102EF0000B9900FA01F108980843089008980D9979
:102F00004860FFE70C98406800F00300032818D0E1
:102F1000FFE70D98C06808900B984100032000FA65
:102F200001F10898884308900C9880680B99490033
:102F300000FA01F108980843089008980D99C860B4
:102F4000FFE70C98406800F00300022826D1FFE755
:102F50000D980B996FF0030202EA51010844006AD0
:102F600008900B9800F0070081000F2000FA01F193
:102F70000898884308900C9800690B9901F00701A4
:102F8000890000FA01F108980843089008980D9903
:102F90000B9B02EA530211440862FFE70D98006898
:102FA00008900B984100032000FA01F1089888432B
:102FB00008900C98406800F003000B99490000FA53
:102FC00001F108980843089008980D9908600C983A
:102FD00080798007002800F00E81FFE7FFE70020DE
:102FE000079043F64400C4F20200016841F48041B6
:102FF0000160006800F4804007900798FFE70B9895
:1030000020F0030043F60801C4F201014058089083
:103010000B9800F0030081000F2000FA01F10898DE
:10302000884308900D980021C4F20201884203D120
:10303000FFE7002006905EE00D9840F20041C4F2E8
:103040000201884203D1FFE70120059050E00D986E
:1030500040F60001C4F20201884203D1FFE70220DA
:10306000049042E00D9840F60041C4F2020188420B
:1030700003D1FFE70320039034E00D9841F20001F3
:10308000C4F20201884203D1FFE70420029026E047
:103090000D9841F20041C4F20201884203D1FFE7DA
:1030A0000520019018E00D9841F60001C4F20201DC
:1030B000884203D1FFE7062000900AE00D9941F60F
:1030C0000042C4F202020820914208BF072000908B
:1030D000FFE700980190FFE701980290FFE7029850
:1030E0000390FFE703980490FFE704980590FFE73B
:1030F00005980690FFE70698C0B20B9901F003010E
:10310000890000FA01F108980843089008980B9983
:1031100021F0030143F60802C4F20102885043F68D
:103120000840C4F201000068089009990898884393
:1031300008900C988079C006002805D5FFE709990A
:10314000089808430890FFE7089843F60841C4F23E
:103150000101086043F60C40C4F2010000680890C9
:1031600009990898884308900C988079800600286F
:1031700005D5FFE70999089808430890FFE70898E4
:1031800043F60C41C4F20101086043F60440C4F266
:1031900001000068089009990898884308900C98E5
:1031A00080798007002805D5FFE70999089808432A
:1031B0000890FFE7089843F60441C4F20101086053
:1031C00043F60040C4F2010000680890099908988D
:1031D000884308900C988079C00728B1FFE70999C7
:1031E000089808430890FFE7089843F60041C4F2A6
:1031F00001010860FFE7FFE7FFE70B9801300B9044
:103200002FE60EB07047000082B00190ADF80210BA
:103210008DF801209DF8010028B1FFE7BDF80200FC
:103220000199886105E0BDF80200000401998861F8
:10323000FFE702B07047000045F29800C2F20000BC
:103240000068704740F20400C2F20000027845F2C4
:103250009801C2F20001086810440860704700003D
:1032600080B543F60041C4F20201086840F40070E2
:103270000860086840F480600860086840F4807066
:103280000860032000F0C6F80F2000F005F800F0F9
:1032900071F8002080BD000080B58CB00B9000203C
:1032A00005900490FFE70020019043F64400C4F22B
:1032B0000200016841F001010160006800F00100B6
:1032C00001900198FFE706A803A900F0DDF900F0DE
:1032D0001DFA4000059005984DF68361C4F21B313C
:1032E000A0FB01014FF0FF3000EB9140049040F64D
:1032F0008C50C2F200000021C4F20101016040F2D2
:10330000E731C16004994160002101618160816100
:1033100000F07CFE8DF80B009DF80B0028BBFFE74A
:1033200040F68C50C2F2000000F00AFF8DF80B004E
:103330009DF80B00C0B9FFE7192000F047F80B9883
:103340000F280CD8FFE70B991920002200F048F84D
:103350000B9840F20801C2F20001086003E001206E
:103360008DF80B00FFE7FFE7FFE79DF80B000CB0BF
:1033700080BD000080B582B0FFE70020019043F6D9
:103380004400C4F20200016841F480410160006819
:1033900000F4804001900198FFE7FFE700200090D3
:1033A00043F64000C4F20200016841F08051016020
:1033B000006800F0805000900098FFE76FF0010077
:1033C0000F21002200F00CF802B080BD80B582B061
:1033D0008DF807009DF9070003F020FE02B080BDC4
:1033E00080B586B08DF817000491039200200290FA
:1033F00003F02CFE02909DF91700019002980499A9
:10340000039A02F035F90146019803F027FE06B051
:1034100080BD000080B582B00190019803F062FE8B
:1034200002B080BD80B584B002900191029820B9AD
:10343000FFE701208DF80F0021E1019843F60041DC
:10344000C4F20201096801F00701884212D9FFE7BE
:10345000019943F60040C4F202000170006800F0D8
:1034600007000199884204D0FFE701208DF80F0082
:1034700005E1FFE702980078800700282AD5FFE7DA
:10348000029800784007002809D5FFE743F60801B5
:10349000C4F20201086840F4E0500860FFE70298B7
:1034A00000780007002809D5FFE743F60801C4F2B9
:1034B0000201086840F460400860FFE743F6080135
:1034C000C4F20201086820F0F000029A92681043EA
:1034D0000860FFE702980078C00700286ED0FFE779
:1034E00002984068012811D1FFE743F60000C4F2BA
:1034F0000200006800F400310020B0EB514F04D10D
:10350000FFE701208DF80F00B9E02CE00298406839
:10351000022805D0FFE702984068032811D1FFE791
:1035200043F60000C4F20200006800F000710020C1
:10353000B0EB516F04D1FFE701208DF80F009EE042
:1035400010E043F60000C4F20200006800F002013F
:103550000020B0EB510F04D1FFE701208DF80F00E0
:103560008DE0FFE7FFE743F60801C4F202010868B7
:1035700020F00300029A526810430860FFF75CFED7
:103580000090FFE743F60800C4F20200006800F074
:103590000C0002994968B0EB810F0ED0FFE7FFF7EE
:1035A0004BFE0099401A41F28931884204D3FFE76B
:1035B00003208DF80F0062E0E4E7FFE7019843F68F
:1035C0000041C4F20201096801F00701884212D2E9
:1035D000FFE7019943F60040C4F202000170006861
:1035E00000F007000199884204D0FFE701208DF820
:1035F0000F0044E0FFE702980078400700280CD550
:10360000FFE743F60801C4F20201086820F4E05025
:10361000029AD26810430860FFE70298007800071A
:1036200000280DD5FFE743F60801C4F2020108683F
:1036300020F46040029A126940EAC2000860FFE785
:1036400000F076F843F60801C4F202010968C9B235
:103650000A094AF63011C0F60001895CC84040F200
:103660000001C2F20001086040F20800C2F200004E
:103670000068FFF711FE00208DF80F00FFE79DF8AE
:103680000F0004B080BD000082B00190009101994C
:103690000F20086043F60800C4F20200016801F040
:1036A0000301019A5160016801F0F001019A9160F3
:1036B000016801F4E051019AD160006800F46040B3
:1036C000C0080199086143F60040C4F20200006896
:1036D00000F007000099086002B0704740F2000057
:1036E000C2F200000068704780B5FFF7F7FF43F6AD
:1036F0000801C4F202010968C1F382224AF64011AE
:10370000C0F60001895CC84080BD000080B5FFF7AD
:10371000E5FF43F60801C4F20201096889B24A0BC9
:103720004AF64011C0F60001895CC84080BD000027
:1037300080B586B00020059004900390029043F677
:103740000800C4F20200006800F00C00014601917C
:1037500040B1FFE7019804280AD0FFE70198082844
:103760000CD04FE042F20040C0F2F40002904FE073
:1037700047F64000C0F27D10029049E043F6040095
:10378000C4F20200016801F03F01059100684002A7
:10379000002813D5FFE743F60400C4F202000068D6
:1037A000C0F3881047F64001C0F27D11A0FB010173
:1037B000059A0023FCF758FD049012E043F604003C
:1037C000C4F202000068C0F3881042F20041C0F267
:1037D000F401A0FB0101059A0023FCF745FD0490CC
:1037E000FFE743F60400C4F20200006800F4403131
:1037F000022000EBD130039004980399B0FBF1F064
:10380000029005E042F20040C0F2F4000290FFE7AF
:10381000029806B080BD000080B586B00490049880
:1038200020B9FFE701208DF8170050E304980078D5
:10383000C007002800F0A580FFE743F60800C4F2A7
:103840000200006800F00C00042813D0FFE743F6E4
:103850000800C4F20200006800F00C0008281ED125
:10386000FFE743F60400C4F20200006840020028AB
:1038700015D5FFE743F60000C4F20200006800F42B
:1038800000310020B0EB514F08D0FFE704984068AA
:1038900020B9FFE701208DF8170018E370E0FFE77B
:1038A00004984068B0F5803F09D1FFE743F6000176
:1038B000C4F20201086840F48030086020E00498F7
:1038C0004068B0F5A02F0DD1FFE743F60001C4F228
:1038D0000201086840F480200860086840F48030E5
:1038E00008600CE043F60001C4F20201086820F40D
:1038F00080300860086820F480200860FFE7FFE758
:10390000FFE704984068E8B1FFE7FFF795FC0390F4
:10391000FFE743F60000C4F20200006800F4003143
:103920000020B0EB514F0CD1FFE7FFF785FC039966
:10393000401A652804D3FFE703208DF81700C6E27C
:10394000E7E71CE0FFF778FC0390FFE743F6000091
:10395000C4F20200006800F400310020B0EB514FC7
:103960000CD0FFE7FFF768FC0399401A652804D3E1
:10397000FFE703208DF81700A9E2E7E7FFE7FFE77D
:10398000FFE7049800788007002840F19680FFE761
:1039900043F60800C4F20200006810F00C0F13D0C8
:1039A000FFE743F60800C4F20200006800F00C00D4
:1039B00008282CD1FFE743F60400C4F20200006897
:1039C0004002002823D4FFE743F60000C4F20200BF
:1039D000006800F002010020B0EB510F09D0FFE7B2
:1039E0000498C068012804D0FFE701208DF8170073
:1039F0006DE243F60001C4F20201086820F0F8000D
:103A0000049A126940EAC2000860FFE754E0049893
:103A1000C06870B3FFE70021C4F2472101200860AD
:103A2000FFF70AFC0390FFE743F60000C4F2020030
:103A3000006800F002010020B0EB510F0CD1FFE74D
:103A4000FFF7FAFB0399401A032804D3FFE703208A
:103A50008DF817003BE2E7E743F60001C4F20201EC
:103A6000086820F0F800049A126940EAC200086071
:103A700021E00021C4F2472100200860FFF7DCFBB1
:103A80000390FFE743F60000C4F20200006800F074
:103A900002010020B0EB510F0CD0FFE7FFF7CCFB89
:103AA0000399401A032804D3FFE703208DF8170079
:103AB0000DE2E7E7FFE7FFE7FFE70498007800077C
:103AC00000284BD5FFE70498406918B3FFE740F69C
:103AD0008061C4F2472101200860FFF7ADFB03902D
:103AE000FFE743F67400C4F20200006800F0020130
:103AF0000020B0EB510F0CD1FFE7FFF79DFB0399BE
:103B0000401A032804D3FFE703208DF81700DEE1F5
:103B1000E7E722E040F68061C4F247210020086018
:103B2000FFF78AFB0390FFE743F67400C4F202003C
:103B3000006800F002010020B0EB510F0CD0FFE74D
:103B4000FFF77AFB0399401A032804D3FFE7032009
:103B50008DF81700BBE1E7E7FFE7FFE7049800787F
:103B60004007002840F1CE80FFE700208DF80700D5
:103B700043F64000C4F202000068C000002815D4DB
:103B8000FFE7FFE70020009043F64000C4F2020088
:103B9000016841F080510160006800F080500090A1
:103BA0000098FFE701208DF80700FFE747F20000CB
:103BB000C4F200000068C005002822D4FFE747F2E5
:103BC0000001C4F20001086840F480700860FFF74B
:103BD00033FB0390FFE747F20000C4F200000068E7
:103BE000C00500280CD4FFE7FFF726FB0399401A15
:103BF000032804D3FFE703208DF8170067E1EAE705
:103C0000FFE7FFE704988068012809D1FFE743F642
:103C10007001C4F20201086840F0010008601FE072
:103C20000498806805280DD1FFE743F67001C4F2BF
:103C30000201086840F004000860086840F00100D4
:103C400008600CE043F67001C4F20201086820F03D
:103C500001000860086820F004000860FFE7FFE743
:103C6000FFE704988068F8B1FFE7FFF7E5FA0390F3
:103C7000FFE743F67000C4F20200006800F00201A2
:103C80000020B0EB510F0ED1FFE7FFF7D5FA0399F3
:103C9000401A41F28931884204D3FFE703208DF8AE
:103CA000170014E1E5E71EE0FFF7C6FA0390FFE70F
:103CB00043F67000C4F20200006800F00201002028
:103CC000B0EB510F0ED0FFE7FFF7B6FA0399401A99
:103CD00041F28931884204D3FFE703208DF81700B1
:103CE000F5E0E5E7FFE79DF80700012809D1FFE7C8
:103CF00043F64001C4F20201086820F080500860D9
:103D0000FFE7FFE704988069002800F0DC80FFE708
:103D100043F60800C4F20200006800F00C00082816
:103D200000F08580FFE70498806902285CD1FFE7F6
:103D30006021C4F2472100200860FFF77DFA03905C
:103D4000FFE743F60000C4F20200006800F00071D3
:103D50000020B0EB516F0CD0FFE7FFF76DFA03992D
:103D6000401A032804D3FFE703208DF81700AEE0C4
:103D7000E7E70499C869D1F820C04B6A8A6A40EA2B
:103D80000C0040EA8310D2034FF6FF739A43A2F56A
:103D900080321043C96A40EA016043F60401C4F26C
:103DA000020108606021C4F2472101200860FFF78A
:103DB00043FA0390FFE743F60000C4F202000068F4
:103DC00000F000710020B0EB516F0CD1FFE7FFF75E
:103DD00033FA0399401A032804D3FFE703208DF830
:103DE000170074E0E7E721E06021C4F247210020DA
:103DF0000860FFF721FA0390FFE743F60000C4F2E2
:103E00000200006800F000710020B0EB516F0CD090
:103E1000FFE7FFF711FA0399401A032804D3FFE7DD
:103E200003208DF8170052E0E7E7FFE74AE0049827
:103E30008069012804D1FFE701208DF8170046E0D2
:103E400043F60400C4F202000068029004988069FE
:103E5000012831D0FFE7029800F480000499C96975
:103E6000884229D1FFE7029800F03F000499096ACF
:103E7000884221D1FFE7029847F6C07108400499B3
:103E8000496AB0EB811F17D1FFE7029800F4403078
:103E90000499896AC9034FF6FF729143A1F58031F5
:103EA000884209D1FFE7029800F070600499C96A5E
:103EB000B0EB016F04D0FFE701208DF8170006E09A
:103EC000FFE7FFE7FFE700208DF81700FFE79DF809
:103ED000170006B080BD000081B0009001B07047AF
:103EE00081B0009001B0704785B003900291FFE768
:103EF000039890F83C00012804D1FFE702208DF8D8
:103F000013007EE00399012081F83C00FFE7FFE702
:103F10000399022081F83D000398006840680190F1
:103F20000398006880680090019820F0700001906C
:103F30000298016801980843019001980399096863
:103F40004860039800680021C4F2010188423CD017
:103F5000FFE703980068B0F1804F36D0FFE7039881
:103F6000006840F20041C4F2000188422DD0FFE712
:103F70000398006840F60001C4F20001884224D092
:103F8000FFE70398006840F60041C4F20001884250
:103F90001BD0FFE70398006840F20041C4F2010122
:103FA000884212D0FFE70398006844F20001C4F28F
:103FB0000101884209D0FFE70398006841F600013B
:103FC000C4F2000188420ED1FFE7009820F0800083
:103FD0000090029841680098084300900098039967
:103FE00009688860FFE70399012081F83D00FFE739
:103FF0000399002081F83C00FFE700208DF81300B2
:10400000FFE79DF8130005B07047000080B582B04F
:104010000090009820B9FFE701208DF807003FE0ED
:10402000009890F83D0040B9FFE70099002081F822
:104030003C00009800F038F8FFE70099022081F872
:104040003D00009951F8040B01F026FD0099012074
:1040500081F84600FFE70099012081F83E000099B1
:1040600081F83F00009981F84000009981F84100F3
:10407000FFE7FFE70099012081F84200009981F8ED
:104080004300009981F84400009981F84500FFE75A
:104090000099012081F83D0000208DF80700FFE71E
:1040A0009DF8070002B080BD80B586B005900598E8
:1040B0000068B0F1804F1BD1FFE7FFE700200490BC
:1040C00043F64000C4F20200016841F001010160C2
:1040D000006800F0010004900498FFE71C200290A3
:1040E00005210022FFF77CF90298FFF76FF924E021
:1040F0000598006840F20041C4F2000188421BD1DB
:10410000FFE7FFE70020039043F64000C4F20200FF
:10411000016841F002010160006800F002000390B4
:104120000398FFE71D20019005210022FFF758F9B1
:104130000198FFF74BF9FFE7FFE706B080BD0000ED
:1041400083B00190019890F83D00012804D0FFE76A
:1041500001208DF80B006AE00199022081F83D00F2
:1041600001980168C86840F00100C86001980068C3
:104170000021C4F2010188423CD0FFE701980068A9
:10418000B0F1804F36D0FFE70198006840F200415F
:10419000C4F2000188422DD0FFE70198006840F684
:1041A0000001C4F20001884224D0FFE701980068B2
:1041B00040F60041C4F2000188421BD0FFE701989D
:1041C000006840F20041C4F20101884212D0FFE7CA
:1041D0000198006844F20001C4F20101884209D04C
:1041E000FFE70198006841F60001C4F2000188422F
:1041F00012D1FFE701980068806800F00700009086
:104200000098062807D0FFE701980168086840F089
:1042100001000860FFE706E001980168086840F0C7
:1042200001000860FFE700208DF80B00FFE79DF814
:104230000B0003B07047000080B586B00490039176
:1042400000208DF80B00FFE7049890F83C0001284F
:1042500004D1FFE702208DF81700ABE0049901209C
:1042600081F83C00FFE7FFE70499022081F83D0058
:104270000498006880680190019820F07700019010
:10428000019820F47F4001900198049909688860A2
:10429000039800680090002872D0FFE7009810286B
:1042A0006ED0FFE7009820286AD0FFE700983028FA
:1042B00066D0FFE70098402855D0FFE700985028C7
:1042C00037D0FFE70098602840D0FFE700987028BB
:1042D0000BD0FFE70098B0F5805F05D0FFE70098AE
:1042E000B0F5005F16D052E055E004980068039BDB
:1042F0005A689968DB6801F0A1FC0498006880683E
:104300000190019840F077000190019804990968A4
:10431000886040E004980068039B5A689968DB68ED
:1043200001F08CFC04980168886840F48040886043
:1043300031E004980068039A5168D26801F0E2FC09
:1043400004980068502101F093FC24E00498006870
:10435000039A5168D26801F0FDFC0498006860215E
:1043600001F086FC17E004980068039A5168D2684F
:1043700001F0C8FC04980068402101F079FC0AE0D3
:10438000049800680399096801F072FC03E00120B9
:104390008DF80B00FFE70499012081F83D00FFE74D
:1043A0000499002081F83C00FFE79DF80B008DF890
:1043B0001700FFE79DF8170006B080BD81B00090A0
:1043C00001B0704780B584B0039003980068C0685E
:1043D000029003980068006901909DF8040080072E
:1043E000002824D5FFE79DF80800800700281DD588
:1043F000FFE7039801686FF002000861039901204C
:104400000877039800688069800720B1FFE7039868
:10441000FFF7D4FF06E0039800F0E2F8039800F0FD
:10442000E3F8FFE7039900200877FFE7FFE79DF82F
:1044300004004007002825D5FFE79DF80800400745
:1044400000281ED5FFE7039801686FF0040008619B
:1044500003990220087703980068806910F4407F70
:1044600004D0FFE70398FFF7A9FF06E0039800F0E8
:10447000B7F8039800F0B8F8FFE703990020087731
:10448000FFE7FFE79DF804000007002824D5FFE7B9
:104490009DF80800000700281DD5FFE70398016874
:1044A0006FF00800086103990420087703980068FA
:1044B000C069800720B1FFE70398FFF77FFF06E0A0
:1044C000039800F08DF8039800F08EF8FFE7039949
:1044D00000200877FFE7FFE79DF80400C0060028EA
:1044E00025D5FFE79DF80800C00600281ED5FFE788
:1044F000039801686FF0100008610399082008779D
:1045000003980068C06910F4407F04D0FFE7039867
:10451000FFF754FF06E0039800F062F8039800F0FC
:1045200063F8FFE7039900200877FFE7FFE79DF8AE
:104530000400C00778B1FFE79DF80800C00748B144
:10454000FFE7039801686FF001000861039800F02D
:104550004FF8FFE7FFE79DF804000006002810D59C
:10456000FFE79DF808000006002809D5FFE703983B
:1045700001686FF0800008610398FFF7ADFCFFE76A
:10458000FFE79DF804004006002810D5FFE79DF8DE
:1045900008004006002809D5FFE7039801686FF07E
:1045A00040000861039800F037F8FFE7FFE79DF847
:1045B00004008006002810D5FFE79DF8080080065B
:1045C000002809D5FFE7039801686FF02000086113
:1045D0000398FFF785FCFFE7FFE704B080BD00000C
:1045E00081B0009001B0704781B0009001B0704779
:1045F00080B582B00190019800680021C4F20101E9
:10460000884203D1FFE7FEF71DFEFFE7019801F0A6
:1046100045FB02B080BD000081B0009001B0704742
:1046200080B586B004900391ADF80A20049890F804
:104630004200202848D1FFE7039820B1FFE7BDF8EA
:104640000A0020B9FFE701208DF8170040E0049927
:104650000120086304990020486304980399BDF879
:104660000A2001F04DFE8DF809000498006B012826
:1046700021D1FFE7FFE7002001900498006800685F
:10468000019004980068406801900198FFE7FFE7F7
:10469000FFE70498006850E8030F40F01000009016
:1046A000FFE700990498026842E803100028F0D15F
:1046B000FFE7FFE703E001208DF80900FFE79DF821
:1046C00009008DF8170003E002208DF81700FFE7BE
:1046D0009DF8170006B080BD80B582B00190ADF89E
:1046E00002100198006841F20001C4F20101884201
:1046F0000CD1FFE740F66460C2F2000041F28A414B
:10470000C2F200010122FFF78BFFFFE7019800686A
:1047100044F20041C4F2000188420CD1FFE740F6A8
:10472000AC60C2F2000041F28B41C2F200010522EE
:10473000FFF776FFFFE702B080BD000081B0009078
:1047400001B0704780B592B0119011980068006870
:10475000109011980068C0680F9011980068406927
:104760000E9000200D900C90109800F00F000D900E
:104770000D9888B9FFE79DF84000800600280AD50B
:10478000FFE79DF83C008006002804D5FFE711985C
:1047900001F064FC02E2FFE70D98002800F0C280FF
:1047A000FFE79DF83800C00738B9FFE7BDF83C00C7
:1047B00010F4907F00F0B680FFE79DF84000C0073E
:1047C00058B1FFE79DF83D00C00730B1FFE71199F0
:1047D000486C40F001004864FFE79DF84000400746
:1047E00000280BD5FFE79DF83800C00730B1FFE780
:1047F0001199486C40F002004864FFE79DF84000C2
:10480000800700280BD5FFE79DF83800C00730B1BE
:10481000FFE71199486C40F004004864FFE79DF8F9
:1048200040000007002811D5FFE79DF83C008006F6
:10483000002805D4FFE79DF83800C00730B1FFE736
:104840001199486C40F008004864FFE71198406CEB
:10485000002866D0FFE79DF84000800600280AD5B2
:10486000FFE79DF83C008006002804D5FFE711987B
:1048700001F0F4FBFFE7119800684069C0F3801075
:104880000C901198406C0007002804D4FFE70C98A6
:1048900000283ED0FFE7119801F066FB11980068F0
:1048A0004069400600282FD5FFE7FFE7FFE7119892
:1048B000006850E8050F20F040000B90FFE70B99CF
:1048C0001198026842E805100028F0D1FFE7FFE7E1
:1048D0001198C06B98B1FFE71198C16B45F6A950CC
:1048E000C0F6000008651198C06BFDF7C3FF28B142
:1048F000FFE71198C06B016D8847FFE703E011984F
:10490000FFF71CFFFFE703E01198FFF717FFFFE732
:1049100006E01198FFF712FF119900204864FFE7A5
:10492000FFE73BE11198006B012840F01781FFE79A
:104930009DF84000C006002840F11081FFE79DF877
:104940003C00C006002840F10981FFE7FFE7002096
:104950000A901198006800680A90119800684068F1
:104960000A900A98FFE711980068406940060028FD
:1049700040F19A80FFE71198C06B00684068ADF87D
:104980002600BDF82600002875D0FFE7BDF82600F8
:104990001199898D88426EDAFFE7BDF826001199DA
:1049A000C8851198C06BC069B0F5807F58D0FFE70B
:1049B000FFE7FFE71198006850E8030F20F48070CC
:1049C0000890FFE708991198026842E80310002850
:1049D000F0D1FFE7FFE7FFE7FFE71198006850E835
:1049E000050F20F001000790FFE707991198026872
:1049F00042E805100028F0D1FFE7FFE7FFE7FFE7F7
:104A00001198006850E8050F20F040000690FFE77D
:104A100006991198026842E805100028F0D1FFE7D6
:104A2000FFE71199202081F84200119900200863C6
:104A3000FFE7FFE71198006850E8030F20F010002F
:104A40000590FFE705991198026842E803100028D5
:104A5000F0D1FFE7FFE71198C06BFDF795FEFFE788
:104A60001199022048631198818DC28D891A89B2EB
:104A7000FFF732FE17E0BDF826001199898D8842B4
:104A800010D1FFE71198C06BC069B0F5807F08D1E5
:104A9000FFE71199022048631198818DFFF71CFEF2
:104AA000FFE7FFE7FFE779E01199888DC98D401A8C
:104AB000ADF812001198C08D00284ED0FFE7BDF868
:104AC0001200002849D0FFE7FFE7FFE711980068D0
:104AD00050E8030F20F490700390FFE703991198BA
:104AE000026842E803100028F0D1FFE7FFE7FFE784
:104AF000FFE71198006850E8050F20F001000290D0
:104B0000FFE702991198026842E805100028F0D1E9
:104B1000FFE7FFE71199202081F84200119900205A
:104B20000863FFE7FFE71198006850E8030F20F0E3
:104B300010000190FFE701991198026842E8031004
:104B40000028F0D1FFE7FFE7119902204863119890
:104B5000BDF81210FFF7C0FDFFE71FE09DF8400011
:104B6000000600280AD5FFE79DF83C000006002853
:104B700004D5FFE7119801F073FC0FE09DF84000A9
:104B8000400600280AD5FFE79DF83C0040060028B3
:104B900004D5FFE7119801F031FAFFE712B080BDAC
:104BA00080B582B00090009820B9FFE701208DF811
:104BB000070040E00098806908B1FFE700E0FFE7E8
:104BC000009890F8410040B9FFE70099002081F873
:104BD0004000009800F034F8FFE70099242081F8A5
:104BE000410000980168C86820F40050C86000982F
:104BF00001F0E8FA00980168086920F49040086123
:104C000000980168486920F02A004861009801680E
:104C1000C86840F40050C860009900204864009AB9
:104C2000202182F84110009A82F8421000994863CE
:104C30008DF80700FFE79DF8070002B080BD000077
:104C400080B59EB01D9000201C901B901A9019906A
:104C500018901D98006841F20001C4F201018842D9
:104C600040F0AC80FFE7FFE70020179043F64400D8
:104C7000C4F20200016841F010010160006800F018
:104C8000100017901798FFE7FFE70020169043F6F3
:104C90003000C4F20200016841F0010101600068C7
:104CA00000F0010016901698FFE74FF4007018907E
:104CB00002200C901990002012901A9003200D9061
:104CC0001B9007200E901C900020C4F202000F9051
:104CD00018A91091FEF7BCF8DDF830C00D9B0E9AB4
:104CE0000F9810994FF4806ECDF844E0CDF860E055
:104CF000CDF864C04FF0010CCDF868C01B931C9236
:104D0000FEF7A6F8119A129940F60C40C2F2000084
:104D1000139046F24043C4F2020303604FF0006375
:104D200043608160C160026141618161C161016272
:104D30004162FDF751FF18B1FFE7FCF7ADFDFFE75A
:104D4000FFE71D9840F60C41C2F20001C1631D98B7
:104D50008863FFE740F66C40C2F200000B9046F219
:104D6000B841C4F2020101604FF00061416040218E
:104D700081600021C1604FF4806202614161816104
:104D8000C16101624162FDF727FF18B1FFE7FCF73F
:104D900083FDFFE7FFE71D9840F66C41C2F200017A
:104DA00081631D988863FFE725200A900521002272
:104DB000FEF716FB0A98FEF709FBB3E01D980068A2
:104DC00044F20041C4F20001884240F0AA80FFE7AB
:104DD000FFE70020159043F64000C4F2020001688E
:104DE00041F400310160006800F40030159015981E
:104DF000FFE7FFE70020149043F63000C4F2020002
:104E0000016841F001010160006800F001001490A8
:104E10001498FFE7042018900220039019900020B6
:104E200008901A90032004901B90072005901C9076
:104E30000020C4F20200069018A90791FEF708F8B6
:104E4000DDF80CC0049B059A069807994FF0080EF0
:104E5000CDF860E0CDF864C04FF0010CCDF868C02B
:104E60001B931C92FDF7F4FF089940F6CC40C2F268
:104E70000000099046F28802C4F2020202604FF07C
:104E8000006242608160C1604FF4806202614161F2
:104E90008161C16101624162FDF79EFE18B1FFE7C9
:104EA000FCF7FAFCFFE7FFE71D9840F6CC41C2F2A1
:104EB0000001C1631D988863FFE740F62C50C2F2E1
:104EC0000000029046F2A001C4F2020101604FF01E
:104ED00000614160402181600021C1604FF4806227
:104EE000026141618161C16101624162FDF774FE4D
:104EF00018B1FFE7FCF7D0FCFFE7FFE71D9840F68D
:104F00002C51C2F2000181631D988863FFE72620BF
:104F1000019005210022FEF763FA0198FEF756FA88
:104F2000FFE7FFE71EB080BD80B584B0029001911D
:104F3000ADF80220029890F84200202817D1FFE730
:104F4000019820B1FFE7BDF8020020B9FFE701207A
:104F50008DF80F000FE00299002008630298019974
:104F6000BDF8022001F0CCF98DF80F0003E002201B
:104F70008DF80F00FFE79DF80F0004B080BD000022
:104F800080B582B001900198006841F20001C4F23E
:104F90000101884211D1FFE741F28A40C2F20000CC
:104FA00000900078FCF74AFB009940F66460C2F27A
:104FB00000000122FFF7B8FFFFE70198006844F204
:104FC0000041C4F2000188420CD1FFE740F6AC601A
:104FD000C2F2000041F28B41C2F200010522FFF74C
:104FE000A3FFFFE702B080BD81B0009001B0704721
:104FF00081B0009001B07047FFE7FEE781B08DED12
:10500000000A9DED000A01B07047000080B582B033
:105010000190FFE700F002F8FCE7000080B588B0DF
:105020000020C4F202000690102100910122039298
:10503000FEF7EAF8C820079002F0DAF8009906981F
:1050400000220592FEF7E0F8079802F0D1F8039AE3
:10505000069820210191FEF7D7F8079802F0C8F8CA
:105060000199059A0698FEF7CFF8079802F0C0F864
:10507000039A069840210291FEF7C6F8079802F0BD
:10508000B7F80299059A0698FEF7BEF8079802F05D
:10509000AFF8039A069880210491FEF7B5F80798B7
:1050A00002F0A6F80499059A0698FEF7ADF807985D
:1050B00002F09EF808B080BD80B58CB040F6BC30E0
:1050C000C2F20000019046F20041C4F2000101600A
:1050D0000321416000218160C1604FF40022026120
:1050E0004FF4401242610176012242768276C27606
:1050F00001774177FDF78EF818B1FFE7FCF7CCFB9D
:10510000FFE701210A910E200B90002007900990E3
:105110000891069044F22000029044F2400004906E
:1051200044F2600003904FF48140059040F6BC309B
:10513000C2F2000002A9FCF795FC18B1FFE7FCF7EA
:10514000ABFBFFE701210A910E200B900791002095
:10515000099008900691029004900390059040F603
:10516000BC30C2F2000002A9FCF77CFC18B1FFE7DA
:10517000FCF792FBFFE740F6BC30C2F20000FDF7FF
:10518000A1FA18B1FFE7FCF787FBFFE740F6BC3058
:10519000C2F200000221FCF78FFB18B1FFE7FCF719
:1051A0007BFBFFE740F6BC30C2F200001021FCF7A9
:1051B00083FB18B1FFE7FCF76FFBFFE70CB080BD86
:1051C00080B58CB040F6E430C2F20000019046F6A3
:1051D0000001C4F2000101600321416000218160EF
:1051E000C1604FF4002202614FF440124261017627
:1051F000012242768276C27601774177FDF70AF87E
:1052000018B1FFE7FCF748FBFFE701210A910E20E8
:105210000B900790002009900891069044F220001E
:10522000029044F24000049044F2600003904FF476
:105230008140059040F6E430C2F2000002A9FCF77C
:1052400011FC18B1FFE7FCF727FBFFE701210A91EA
:105250000E200B900F2007900020099008900691D7
:10526000029004900390059040F6E430C2F20000F2
:1052700002A9FCF7F7FB18B1FFE7FCF70DFBFFE70E
:1052800040F6E430C2F20000FDF71CFA18B1FFE767
:10529000FCF702FBFFE740F6E430C2F20000022117
:1052A000FCF70AFB18B1FFE7FCF7F6FAFFE740F658
:1052B000E430C2F200001021FCF7FEFA18B1FFE75B
:1052C000FCF7EAFAFFE70CB080BD000080B588B0BB
:1052D000FFE70020079043F63000C4F202000168A7
:1052E00041F480010160006800F480000790079895
:1052F000FFE7FFE70020069043F63000C4F202000B
:10530000016841F400110160006800F4001006908B
:105310000698FFE7102000900521039100220492D7
:10532000FEF75EF80098FEF751F80399049A1120F1
:105330000190FEF755F80198FEF748F80399049A92
:105340003A200290FEF74CF80298FEF73FF80399D6
:10535000049A46200590FEF743F80598FEF736F8C4
:1053600008B080BD80B582B045F20D00C0F60000E7
:105370004AF67412C0F600020021019101F0A0FF6C
:10538000019940F2AC62C2F20002106040F221507A
:10539000C0F600004AF64812C0F6000201F090FF85
:1053A000019940F27402C2F20002106045F6051045
:1053B000C0F600004AF69812C0F6000201F080FF25
:1053C000019940F2F072C2F20002106045F6151029
:1053D000C0F600004AF6BC12C0F6000201F070FFF1
:1053E00040F2F471C2F20001086002B080BD00001A
:1053F00080B58CB000200B900A900990089007901F
:10540000FFE70020069043F63000C4F20200016876
:1054100041F080010160006800F08000069006986D
:10542000FFE7FFE70020059043F63000C4F20200DA
:10543000016841F001010160006800F00100059081
:105440000598FFE7FFE70020049043F63000C4F220
:105450000200016841F002010160006800F00200F2
:1054600004900498FFE70020C4F2020003904FF478
:10547000F871019100220292FDF7C6FE019A02998D
:105480000398079201220892022209920A9107A921
:10549000FDF7DEFC0CB080BD80B588B00021019125
:1054A00007910691059104910391029140F6D45021
:1054B000C2F200004FF080420260532242608160DD
:1054C00040F2E732C26001618161FEF79FFD18B1D1
:1054D000FFE7FCF7E1F9FFE74FF48050049040F656
:1054E000D450C2F2000004A9FEF7A6FE18B1FFE7EF
:1054F000FCF7D2F9FFE700200290039040F6D45069
:10550000C2F2000002A9FEF7EFFC18B1FFE7FCF7BA
:10551000C3F9FFE740F6D450C2F20000FEF710FED8
:1055200018B1FFE7FCF7B8F9FFE708B080BD00004D
:1055300080B588B0002101910791069105910491F1
:105540000391029140F61C60C2F2000040F200425A
:10555000C4F20002026053224260816040F2E732EE
:10556000C26001618161FEF751FD18B1FFE7FCF7F0
:1055700093F9FFE74FF48050049040F61C60C2F2AC
:10558000000004A9FEF758FE18B1FFE7FCF784F904
:10559000FFE700200290039040F61C60C2F200007A
:1055A00002A9FEF7A1FC18B1FFE7FCF775F9FFE7C8
:1055B00040F61C60C2F20000FEF7C2FD18B1FFE722
:1055C000FCF76AF9FFE708B080BD000080B582B043
:1055D00040F66460C2F20000019041F20001C4F2A2
:1055E000010101604FF4E131416000218160C1603F
:1055F00001610C2242618161C161FFF7D1FA18B1EA
:10560000FFE7FCF749F9FFE702B080BD80B582B043
:1056100040F6AC60C2F20000019044F20041C4F2D6
:10562000000101604FF4E131416000218160C160FF
:1056300001610C2242618161C161FFF7B1FA18B1C9
:10564000FFE7FCF729F9FFE702B080BDFFE7FEE7BF
:1056500081B08DED000A9DED000A9FED031A20EE4A
:10566000010A01B0704700BF0000B443FFE7FEE746
:1056700088B0079006910592079800F00700049003
:105680000498C0F10700052803D3FFE70420019028
:1056900004E00498C0F107000190FFE7019803902F
:1056A00004980430062803D8FFE70020009003E0A8
:1056B000049803380090FFE7009802900698039939
:1056C000012202FA01F101390840029B9840059934
:1056D0009A40013A1140084308B0704782B00190E7
:1056E000019890ED030A019890ED041A30EE410AFA
:1056F000019880ED050A019890F824000146009178
:10570000D0B3FFE7009801286DD1FFE7019890ED35
:10571000000A90ED051A019890ED062A31EE422A12
:10572000019890ED011A90ED053A21EE031A20EE52
:10573000020A30EE011A019890ED020A90ED052A56
:10574000019890ED063A33EE033A32EE432A01987F
:1057500090ED073A32EE032A20EE020A30EE010AFB
:10576000019880ED080A019880690199C861019843
:1057700040690199886137E0019890ED050A019828
:1057800090ED071AB6EE002A21EE021A20EE020A68
:1057900030EE010A019880ED070A019890ED000AA9
:1057A00090ED052A019890ED011A90ED073A21EE4F
:1057B000031A20EE020A30EE011A019890ED020A57
:1057C00090ED052A019890ED063A32EE432A20EE3C
:1057D000020A30EE010A019880ED080A019840693A
:1057E0000199886100E0FFE7019890ED080A02B096
:1057F0007047000080B586B002AA00920246009869
:10580000059280ED020AC0ED010A80ED001A8DF8C4
:105810000710049805990860039805994860029854
:10582000059988609DF80700059981F8240005987E
:1058300000F002F806B080BD81B000900099002011
:10584000C8600099086100994861009988610099D1
:10585000C8610099086201B07047000000000000B4
:10586000EFF30980BFF36F8F154B1A681EF0100F0E
:1058700008BF20ED108A20E9F04F10602DE90900E3
:105880004FF0500080F31188BFF34F8FBFF36F8F3D
:1058900003F06AFD4FF0000080F31188BDE80900B5
:1058A00019680868B0E8F04F1EF0100F08BFB0ECA0
:1058B000108A80F30988BFF36F8F704700BF00BF65
:1058C000E80F0020000000000000000000000000C1
:1058D000074B19680868B0E8F04F80F30988BFF3F8
:1058E0006F8F4FF0000080F31188704700BF00BF3A
:1058F000E80F002080B56FF00400002101F0D0FB1C
:1059000080BD000080B582B00190FFE7012001F06A
:105910006FFCFBE780B584B0039004F01DFB0290A0
:1059200005200190FFE741F28841C2F200010878AA
:10593000497888420FD0FFE740F2A060C2F2000031
:105940000078C00738B1FFE741F28841C2F2000198
:1059500048780870FFE741F28840C2F200000088F2
:10596000ADF80000009802F033FF02A8052103F013
:1059700093FBD8E780B54EF21000CEF2000000682D
:1059800004F0CEFA012803D0FFE703F0FDFDFFE7A6
:1059900080BD000080B594B008A83021FAF729FD39
:1059A000002007900690059004900390FFE70020E8
:1059B000029043F64000C4F20200016841F08051B9
:1059C0000160006800F0805002900298FFE7FFE756
:1059D0000020019047F20000C4F20000016841F489
:1059E00080410160006800F4804001900198FFE769
:1059F000012008904FF48030099002200E904FF45F
:105A000080010F91192110914FF4A87111911290FA
:105A10000420139008A8FDF7FFFE18B1FFE7FBF77D
:105A20003BFFFFE70F200390022004900020059029
:105A30004FF4A05006904FF48050079003A8052122
:105A4000FDF7F0FC18B1FFE7FBF726FFFFE714B006
:105A500080BD00004EF68851CEF20001086840F487
:105A6000700008607047000080B540F68C50C2F2AC
:105A70000000FEF7A7FC80BD80B540F6D450C2F20E
:105A80000000FEF79FFC80BD80B540F61C60C2F2AE
:105A90000000FEF797FC80BD83B002900191029850
:105AA0000068009002980021C4F20101884225D0CC
:105AB000FFE70298B0F1804F20D0FFE7029840F254
:105AC0000041C4F20001884218D0FFE7029840F676
:105AD0000001C4F20001884210D0FFE7029840F6AE
:105AE0000041C4F20001884208D0FFE7029840F26A
:105AF0000041C4F2010188420AD1FFE7009820F07A
:105B00007000009001984168009808430090FFE7FA
:105B100002980021C4F20101884255D0FFE70298A3
:105B2000B0F1804F50D0FFE7029840F20041C4F23C
:105B30000001884248D0FFE7029840F60001C4F215
:105B40000001884240D0FFE7029840F60041C4F2CD
:105B50000001884238D0FFE7029840F20041C4F2C9
:105B60000101884230D0FFE7029844F20001C4F2FC
:105B70000101884228D0FFE7029844F20041C4F2B4
:105B80000101884220D0FFE7029844F60001C4F2E8
:105B90000101884218D0FFE7029841F60001C4F2E3
:105BA0000001884210D0FFE7029841F60041C4F29C
:105BB0000001884208D0FFE7029842F20001C4F2D7
:105BC000000188420AD1FFE7009820F4407000905D
:105BD0000198C168009808430090FFE7009820F002
:105BE00080000199496908430090019880680299F2
:105BF000C862019800680299886202980021C4F284
:105C00000101884208D0FFE7029840F20041C4F247
:105C10000101884205D1FFE70198006902990863F4
:105C2000FFE70299086840F004000860029901202B
:105C3000486100980299086003B0704785B00490ED
:105C4000039102920193049880680090009820F4D8
:105C50007F40009003980299019A41EA0221014392
:105C600000980843009000980499886005B0704738
:105C700083B002900191029880680090009820F013
:105C80007000009001980099084340F007000090D0
:105C900000980299886003B07047000080B582B018
:105CA000019001980068B0F1804F1ED1FFE70120FC
:105CB000009000F04FFC009800F04CFCFAF752FF07
:105CC00040F2F871C2F20001087801300870C0B2E9
:105CD000052809DBFFE740F2F871C2F2000100205D
:105CE000087000F0CBFCFFE7FFE70198006840F286
:105CF0000041C4F20001884201D1FFE7FFE702B092
:105D000080BD000085B00490039102920498006A5F
:105D100000900499086A20F00100086204988069E4
:105D20000190019820F0F00001900299019840EA5A
:105D300001100190009820F00A000090039900984B
:105D400008430090019804998861009804990862BA
:105D500005B0704785B00490039102920498006AE0
:105D600000900499086A20F0100008620498806985
:105D70000190019820F4704001900299019840EA46
:105D800001300190009820F0A00000900399009845
:105D900040EA0110009001980499886100980499E4
:105DA000086205B07047000080B582B0019001988C
:105DB000806B009000990020C8850098FEF7BEFC1B
:105DC00002B080BD80B584B003900020029003989B
:105DD000806B0190019800684069C0B2C0090290D0
:105DE000019890F8410021280AD1FFE7029838B1C4
:105DF000FFE701990020C884019800F013F9FFE73C
:105E0000019800684069C0F380100290019890F8F2
:105E1000420022280AD1FFE7029838B1FFE7019932
:105E20000020C885019800F09FF8FFE70199486CB1
:105E300040F0100048640198FEF780FC04B080BD7B
:105E400080B586B005900598806B04900598006831
:105E50000068C00500285AD4FFE704990020C885CF
:105E6000FFE7FFE70498006850E8030F20F4807014
:105E70000390FFE703990498026842E803100028A2
:105E8000F0D1FFE7FFE7FFE7FFE70498006850E87D
:105E9000050F20F001000290FFE7029904980268C4
:105EA00042E805100028F0D1FFE7FFE7FFE7FFE732
:105EB0000498006850E8050F20F040000190FFE7CB
:105EC00001990498026842E805100028F0D1FFE724
:105ED000FFE70499202081F842000498006B012814
:105EE00014D1FFE7FFE7FFE70498006850E8030FCD
:105EF00020F010000090FFE700990498026842E843
:105F000003100028F0D1FFE7FFE7FFE7FFE7049960
:105F1000002048630498006B012805D1FFE704982E
:105F2000818DFEF7D9FB03E00498FFF729F8FFE71E
:105F300006B080BD80B582B001900198806B009062
:105F40000099012048630098006B012806D1FFE703
:105F50000098818D4908FEF7BFFB03E00098FFF72A
:105F600043F8FFE702B080BD84B00390FFE7FFE78E
:105F70000398006850E8030F20F490700290FFE748
:105F800002990398026842E803100028F0D1FFE765
:105F9000FFE7FFE7FFE70398006850E8050F20F0F0
:105FA00001000190FFE701990398026842E805109B
:105FB0000028F0D1FFE7FFE70398006B012814D118
:105FC000FFE7FFE7FFE70398006850E8030F20F0C2
:105FD00010000090FFE700990398026842E8031060
:105FE0000028F0D1FFE7FFE7FFE70399202081F8C1
:105FF000420003990020086304B0704780B582B066
:10600000019001980168C86820F04000C8600199BB
:10601000202081F841000198FEF7EAFF002002B03D
:1060200080BD000082B00190FFE7FFE701980068A3
:1060300050E8030F20F0C0000090FFE7009901989E
:10604000026842E803100028F0D1FFE7FFE701995A
:10605000202081F8410002B07047000080B586B072
:106060000490002003900290049890F842002228A7
:1060700040F0A080FFE704988068B0F5805F13D1FE
:10608000FFE70498006978B9FFE70498806A0290F6
:106090000498006840686FF35F20029908800499B3
:1060A000886A0230886223E00498806A039004982A
:1060B0008068B0F5805F08D0FFE70498806850B929
:1060C000FFE70498006930B9FFE70498006840686A
:1060D0000399087007E004980068406800F07F00AA
:1060E00003990870FFE70499886A01308862FFE726
:1060F0000499C88D0138C8850004002856D1FFE7EF
:1061000004980168C86820F02000C86004980168FD
:10611000C86820F48070C86004980168486920F05D
:10612000010048610499202081F842000499002070
:1061300048630498006B012830D1FFE704990020E0
:106140000863FFE7FFE70498006850E8030F20F0BA
:1061500010000190FFE701990498026842E80310DB
:106160000028F0D1FFE7FFE7049800680068C00648
:1061700000280ED5FFE7FFE7002000900498006894
:106180000068009004980068406800900098FFE75D
:10619000FFE70498818DFEF79FFA03E00498FEF76D
:1061A000EFFEFFE700208DF8170007E000208DF8D4
:1061B000170003E002208DF81700FFE79DF8170095
:1061C00006B080BD80B586B005900598006800696E
:1061D00020F44050059A1168D2681043086105996F
:1061E00088680B694A69C9691843104308430490D9
:1061F00005980068C06849F20C6188430499084317
:1062000005990968C86005980068406920F44070E5
:10621000059A11689269104348610598006841F237
:106220000001C4F20101884209D0FFE70598006827
:1062300041F20041C4F20101884204D1FFE7FDF7B9
:1062400065FA039003E0FDF74FFA0390FFE7059826
:10625000C069B0F5004F29D1FFE703981921A0FBD1
:106260000101059A1368029353685A00DB0FF9F78E
:10627000FBFF0299864648F21F53C5F2EB13AEFBB3
:106280000320420910014FF0640C02FB1CEC322287
:1062900002EBCC02A2FB0332F82303EA521300EB19
:1062A0004300C2F342121044886026E0039819218B
:1062B000A0FB0101059A1368019353689A009B0F94
:1062C000F9F7D2FF0199844648F21F52C5F2EB124A
:1062D000ACFB02304309642003FB10CC322000EBFE
:1062E0000C10A0FB0202F02000EA521000EB031099
:1062F000C2F3431210448860FFE706B080BD00007F
:1063000080B58AB008900791ADF81A2007980899CF
:106310008862BDF81A0008998885089900204864A9
:10632000089A222182F842100899CA6B45F6416109
:10633000C0F60001D1630899CA6B45F63571C0F605
:10634000000111640899CA6B45F6C551C0F60001F9
:10635000D1640899C96B086507A805900898016879
:10636000C06B0431059A1268BDF81A30FCF7ECFCDA
:1063700058B1FFE70899102048640899202081F857
:10638000420001208DF827004EE0FFE70020049036
:1063900008980068006804900898006840680490B5
:1063A0000498FFE708980069A0B1FFE7FFE7FFE75F
:1063B0000898006850E8030F40F480700390FFE7EE
:1063C00003990898026842E803100028F0D1FFE71B
:1063D000FFE7FFE7FFE7FFE70898006850E8050FD1
:1063E00040F001000290FFE702990898026842E835
:1063F00005100028F0D1FFE7FFE7FFE7FFE7089867
:10640000006850E8050F40F040000190FFE7019957
:106410000898026842E805100028F0D1FFE7FFE77E
:1064200000208DF82700FFE79DF827000AB080BD07
:1064300080B540F66460C2F2000041F28A41C2F2C7
:1064400000010122FEF770FD40F6AC60C2F20000D0
:1064500041F28B41C2F200010522FEF7E1F880BD56
:1064600083B00190019890F8410021283AD1FFE7CC
:1064700001988068B0F5805F13D1FFE7019800694B
:1064800078B9FFE70198006A0090009800886FF3E0
:106490005F200199096848600199086A0230086222
:1064A00008E0019A106A411C11620078019909689C
:1064B0004860FFE70199C88C0138C884000468B9B6
:1064C000FFE701980168C86820F08000C860019863
:1064D0000168C86840F04000C860FFE700208DF800
:1064E0000B0003E002208DF80B00FFE79DF80B0086
:1064F00003B0704780B540F66460C2F20000FEF75A
:1065000021F980BD80B540F6AC60C2F20000FEF714
:1065100019F980BDFFE7FEE780B582B08DF807006E
:106520008DF806109DF8070020B9FFE70F208DF8C1
:106530000700FFE79DF807009DF8061040EA0110EC
:106540004AF6E012C0F60002002100F02BF802B07B
:1065500080BD000080B584B08DF80F009DF80F203D
:1065600040F27801C2F2000140F2A010C2F2000035
:10657000002A08BF0846029000208DF80700FFE7B8
:106580009DF8070001280ADCFFE70298FAF76EF889
:10659000FFE79DF8070001308DF80700F0E704B031
:1065A00080BD0000F0B593B012908DF847101092A6
:1065B0001298099000200B909DF847000D901298BA
:1065C00000F00F000F2814D1FFE7002000F0ACFB13
:1065D000079001208DF81B0000F0DEFC40B1FFE7C2
:1065E000042000F0A1FB089002208DF81B00FFE7BB
:1065F0000AE0129800F00F00013800F095FB0790B8
:1066000001208DF81B00FFE700208DF81A00FFE73E
:106610009DF81A009DF81B1088422CDAFFE79DF8C0
:106620001A1007A850F82100FAF72AF908B1FFE775
:106630001BE09DF81A1007A850F82100109F099937
:106640000A9A0B9BDDF830C00D9C0E9D0F9EEE4606
:10665000CEF81070CEF80C60CEF80850CEF804409A
:10666000CEF800C0FAF774F8FFE79DF81A00013081
:106670008DF81A00CCE713B0F0BD000080B584B0EF
:1066800000200390FFE70398052867D8FFE70398E9
:1066900000EB800140F2FC70C2F20000029000EBBF
:1066A000411000F037FB0298039901EB8101490189
:1066B000405CC00720BBFFE7039800EB800140F27D
:1066C000FC70C2F2000000EB4112002151700399EE
:1066D00001EB810100EB41104178807888420ED0B7
:1066E000FFE7039800EB800140F2FC70C2F200006B
:1066F00000EB411090F87C1000F050FCFFE729E01F
:10670000039800EB800140F2FC70C2F2000000EB45
:1067100041104178807888420ED0FFE7039800EB63
:10672000800140F2FC70C2F2000000EB411090F8D2
:106730007C1000F033FC0DE0039800EB800140F288
:10674000FC70C2F2000000EB411090F87C1000F0E9
:1067500043FBFFE703980130039094E7002001908A
:106760002E21FFF7D9FE01982D21FFF7D5FE04B0A9
:1067700080BD000080B584B000200390FFE703983F
:10678000052800F29780FFE7039800EB800040F2B5
:10679000FC71C2F20001019101EB40124FF07E50FA
:1067A0005067039A02EB820201EB42129067039A50
:1067B000501C02EB820201EB421282F87C0003982B
:1067C00000EB800001EB4012002002909064039ADD
:1067D00002EB820201EB42125060039A02EB82024A
:1067E00001EB42129060039A02EB820201EB42122B
:1067F0001061039A02EB820201EB42121062039ACB
:1068000002EB820201EB421349F69A12C3F6997227
:10681000C3F88020039A02EB820201EB42134DF28F
:106820000A72C3F6A352C3F88420039A02EB8202D1
:1068300001EB421346F26662C3F6E672C3F88820A3
:10684000039A02EB820201EB42134CF6CD42C3F6EF
:106850004C62C3F88C20039A02EB820201EB4213D4
:1068600041F26F22C3F603329A63039A02EB82026B
:1068700001EB4213022283F83C20039A02EB8202CE
:1068800001EB42125070039A02EB820201EB4212BA
:106890009070039A02EB820201EB421282F84000F0
:1068A000039A02EB820252018854FFE703980130F9
:1068B000039064E70F2000901F21FFF72DFE009842
:1068C0001221FFF729FE00981321FFF725FE0098FB
:1068D0001421FFF721FE00981521FFF71DFE04B0DB
:1068E00080BD000070B592B09C4613460A46014632
:1068F000189D179CDDF858E01A98199E1195109470
:10690000CDF83CE0CDF838C00D930C920B918DF88A
:106910002B000B9800F00F0009900B9800090890CD
:1069200000200790ADF81A00ADF818009DF82B1064
:106930000BA800F027FA08B9FFE760E109980138D1
:1069400005900F98042840F0F580FFE708980A3872
:1069500001460191242800F2EB800199DFE811F053
:10696000C000E800E800E800E800E800E800E8000F
:10697000E800E800E800E800CE00DB00E800E800FE
:10698000E800E800E800E800E8007A00E80090008D
:10699000E800E800A700E800E800E800E800E800F8
:1069A000E8004F00E8005C002500059800EB80013E
:1069B00040F2FC70C2F20000009000EB4112116A3C
:1069C0001166059901EB810100EB411219990968E3
:1069D0001162059901EB810100EB411090ED080A6D
:1069E000FEF736FE0098059901EB810100EB41109E
:1069F00090ED1E1A80EE010A80ED080A99E00598D4
:106A000000EB800140F2FC70C2F2000000EB41118B
:106A10001998006888628CE0059800EB800140F2CC
:106A2000FC70C2F2000000EB411219990968D161B3
:106A3000059901EB810100EB411090ED070A90ED03
:106A40001E2A9FED781A81EE021A20EE010A80EDCF
:106A5000070A6EE0002004901998006804909DEDEC
:106A6000040ABDEEC00A10EE100A059901EB81027E
:106A700040F2FC71C2F2000101EB4211887058E053
:106A8000002003901998006803909DED030ABDEE65
:106A9000C00A10EE100A059901EB810240F2FC7168
:106AA000C2F2000101EB421181F8400041E00020F8
:106AB00002901998006802909DED020AFEF7C8FD49
:106AC000059800EB800140F2FC70C2F2000000EB80
:106AD000411090ED1E1A80EE010A80ED090A28E0AF
:106AE000059800EB800140F2FC70C2F2000000EB60
:106AF000411119980068C1F890001AE0059800EB60
:106B0000800140F2FC70C2F2000000EB41111998C4
:106B10000068C8620DE0059800EB800140F2FC704F
:106B2000C2F2000000EB411119980068086300E010
:106B3000FFE764E00F98082860D1FFE71998006824
:106B40000790059800EB800140F2FC70C2F2000053
:106B500000EB4112116A11669DED070A9FED291A9B
:106B600080EE010A9FED281A20EE010A9FED271AF8
:106B700030EE010A059901EB810100EB411191ED25
:106B80001E1A80EE010A81ED080A19998988ADF86C
:106B90001A10BDF91A1000EE101AB8EEC00A9FEDD7
:106BA0001C1A80EE010A9FED1B2A20EE020A9FEDBF
:106BB0001A2A30EE020A059901EB810100EB41111E
:106BC00081ED070A1999C988ADF81810BDF9181098
:106BD00000EE101AB8EEC00A80EE010A9FED0F1AFF
:106BE00020EE010A9FED0E1A30EE010A059901EB25
:106BF000810100EB411080ED0A0AFFE7FFE712B0C8
:106C000070BD00BF0000804F00409C4600401CC685
:106C100000FF7F4700009643000016C30000A0421B
:106C2000000020C20000704280B586B005AA009224
:106C300082ED000A8DF813008DF8121000200390E9
:106C4000029004208DF807009DF8130020B9FFE79B
:106C50000F208DF8130006E09DF81300072801D3DC
:106C6000FFE752E0FFE79DF81200242805D0FFE778
:106C70009DF812002E2817D1FFE7009890ED000A2A
:106C8000F9F77CFE00989DF8131001EB810240F2A9
:106C9000FC71C2F2000101EB421111ED0A1A20EE63
:106CA000010A80ED000A22E09DF81200232805D099
:106CB000FFE79DF812000A2818D1FFE700989DF819
:106CC000131001EB810240F2FC71C2F2000101EBF2
:106CD000421111ED0A1A9FED0E0A80EE011A90ED95
:106CE000000A80EE010A80ED000AFFE7FFE7059841
:106CF00002909DF813009DF8121040EA01109DF8D3
:106D0000071002AAFFF74EFCFFE706B080BD00BFE8
:106D10000000704281B00090009890F8400008B9DF
:106D2000FFE7FFE701B0704783B0019001208DF8C5
:106D300003009DF8030030B9FFE740F27800C2F28B
:106D40000000029005E040F2A010C2F200000290A4
:106D5000FFE7029803B0704782B001908DF80310EE
:106D6000019801388DF8020001208DF801009DF88E
:106D700001009DF80310401AB0FA80F0400902B0FB
:106D80007047000080B584B002908DF8071002981B
:106D9000806820B1FFE700208DF80F0017E002980F
:106DA000006800F00F000090009820B1FFE7009805
:106DB000072804D3FFE700208DF80F0007E00098B4
:106DC0009DF80710FFF7C8FF8DF80F00FFE79DF84B
:106DD0000F0004B080BD000080B584B003908DF832
:106DE0000B100398407801460191032800F2BB8004
:106DF0000199DFE801F0B7310232039890ED010A02
:106E000090ED111A30EE410A10EE100A03F0E8FC82
:106E100041EC100B9FED581B50EC111BC20F51ECB5
:106E2000100B62F3DF7141EC100B51EC100B9FED76
:106E3000580B53EC102B03F01AFD60B9FFE70398D1
:106E400090ED010A9DF80B002321FFF7EDFE039959
:106E500048684864FFE78AE089E0039890F83400C6
:106E6000C00700285DD1FFE7039890ED020A90ED7E
:106E7000121A30EE410A10EE100A03F0B1FC41EC98
:106E8000100B9FED3D1B50EC111BC20F51EC100B72
:106E900062F3DF7141EC100B51EC100B9FED380BDE
:106EA00053EC102B03F0E3FC60B9FFE7039988680B
:106EB0008864039890ED020A9DF80B002421FFF7E7
:106EC000B3FE2DE0039890ED020AB5EE400AF1EE14
:106ED00010FA24D1FFE70398406A03F081FC41ECEB
:106EE000100B9FED251B50EC111BC20F51EC100B2A
:106EF00062F3DF7141EC100B51EC100B9FED220B94
:106F000053EC102B03F0B3FC48B9FFE7039890ED66
:106F1000020A9DF80B002421FFF786FEFFE7FFE73A
:106F20001FE0039890F83500C007C8B1FFE7039849
:106F300090ED0E0A9DF80B001821FFF775FE0398DF
:106F400090F83C0000EE100AB8EE400A9DF80B00E5
:106F50000F21FFF769FE0399002081F83500FFE754
:106F6000FFE704E0FFE7039900204870FFE704B063
:106F700080BD00BF00BF00BF000000000000000097
:106F800000000040E17A843F000000000000E03F84
:106F9000000000A09999B93F0020704780B584B0E7
:106FA00003908DF80B1003984078014601910B284F
:106FB0001FD80199DFE801F00606070D1D1D1D1DF4
:106FC0001D141D1816E003990020486003994864B9
:106FD00010E00399086A88600399086A886409E0E8
:106FE00003990020087005E00399002081F8400013
:106FF00000E0FFE70398407800EE100AB8EE400A80
:107000009DF80B001F210091FFF70EFE00999DF8DF
:107010000B00FFF781FA04B080BD000081B08DF84D
:1070200003009DF9030000280ED4FFE79DF903102B
:1070300001F01F02012090404A094EF20011CEF2E9
:10704000000141F82200FFE701B070474EF60C50F6
:10705000CEF200000068C0F30220704782B08DF8C5
:10706000070000919DF9070000280AD4FFE7009867
:1070700000019DF907104EF20042CEF20002885442
:107080000BE0009800019DF8071001F00F014EF68B
:107090001452CEF200028854FFE702B0704700009D
:1070A00082B08DF8070000919DF9070000280AD4EE
:1070B000FFE7009800019DF907104EF20042CEF262
:1070C000000288540BE0009800019DF8071001F0C1
:1070D0000F014EF61452CEF200028854FFE702B0C0
:1070E0007047000083B00290029800F00700009003
:1070F0004EF60C51CEF200010868019001984FF64F
:10710000FF02104001900198009A40EA02200022FC
:10711000C0F2FA52104301900198086003B0704722
:10712000704700007047000080B584B08DED020A02
:10713000CDED010A9DED020A9DED011A30EE410AE6
:1071400010EE100A20F0004003F04AFB41EC100B57
:1071500051EC100B9FED0A0B53EC102B03F079FB55
:1071600020B9FFE701208DF80F0003E000208DF823
:107170000F00FFE79DF80F0004B080BD00BF00BF07
:107180009A9999999999A93F81B08DF803000020A7
:1071900001B0704780B582B000200190FCF760F824
:1071A000FEF7F8FBFEF724F9FEF790F8FEF774F906
:1071B000FEF7BEF9FEF70AFAFDF77EFFFEF726FAA4
:1071C000FDF7FEFFF9F7F2F9F9F726FBFFF730F9C3
:1071D000032001F003FAF9F767FDFFF7CBFA00F09F
:1071E00021F8FEF7BFF800F041F8FFE7FEE70000E6
:1071F00080B584B00290EFF305800390039820B12E
:10720000FFE76FF00500019009E00020019002986F
:1072100020B1FFE7029801F007FFFFE7FFE70198C1
:1072200004B080BD82B0EFF305800190019820B1D9
:10723000FFE76FF00500009014E040F2A860C2F292
:107240000000006848B9FFE740F2A861C2F20001FF
:10725000012008600020009003E04FF0FF30009014
:10726000FFE7FFE7009802B07047000080B582B0EA
:10727000EFF305800190019820B1FFE76FF0050062
:10728000009019E040F2A860C2F2000000680128F6
:107290000DD1FFE7FEF72EFB40F2A861C2F200011C
:1072A0000220086001F0E8FF0020009003E04FF0AA
:1072B000FF300090FFE7FFE7009802B080BD0000BC
:1072C000B0B58EB00B900A91099200200690EFF3B2
:1072D00005800D900D98002840F09980FFE70B98ED
:1072E000002800F09480FFE7802007901820059088
:1072F000002008904FF0FF300490099800284DD0EE
:10730000FFE70998006820B1FFE709980068089036
:10731000FFE70998806920B1FFE709988069059027
:10732000FFE7059848B1FFE70598382805D8FFE73B
:1073300009980079C00718B1FFE700200C9069E0B8
:107340000998406928B1FFE70998406980080790CB
:10735000FFE70998806880B1FFE70998C0685C285A
:107360000BD3FFE70998006938B1FFE70998406936
:1073700018B1FFE7012004900FE00998806858B920
:10738000FFE70998C06838B9FFE70998006918B99C
:10739000FFE700200490FFE7FFE702E000200490F1
:1073A000FFE70498012817D1FFE70B980899079A7F
:1073B0000A9BDDF814C0DDF824E0DEF80850DEF8A2
:1073C0001040EE46CEF80850CEF80440CEF800C08B
:1073D00002F03EFD069019E00498B0B9FFE70B9863
:1073E0000899BDF81C200A9BDDF814C0EE4606ACD7
:1073F000CEF80440CEF800C002F0DAFC012803D039
:10740000FFE700200690FFE7FFE7FFE7FFE70698AA
:107410000C90FFE70C980EB0B0BD000080B584B0B2
:107420000390029145F66400C2F2000000680090EB
:1074300040F6E870C2F200000068043001F0ACFBD6
:1074400008B9FFE700E0FFE70398013080B9FFE7E4
:10745000029868B1FFE740F6E870C2F200000068E9
:10746000011D45F63C00C2F2000001F03BFC3DE08E
:107470000098039908440190019840F6E871C2F21F
:107480000001096848600198009988420ED2FFE720
:1074900040F6F870C2F20000006840F6E871C2F2EF
:1074A00000010968043101F0E7FB1EE040F6F070CE
:1074B000C2F20000006840F6E871C2F200010968FB
:1074C000043101F0D9FB019845F2C871C2F2000104
:1074D0000968884207D2FFE7019845F2C871C2F2F5
:1074E0000001086000E0FFE7FFE7FFE704B080BDB0
:1074F00080B582B0019001F01DFC45F29C01C2F202
:10750000000108680130086040F6E870C2F200002F
:10751000006898B9FFE7019840F6E871C2F20001EF
:10752000086045F29C00C2F200000068012803D107
:10753000FFE700F0F7FA00E0FFE71CE045F6300057
:10754000C2F200000068A0B9FFE740F6E870C2F29E
:1075500000000068C06A0199C96A884207D8FFE73D
:10756000019840F6E871C2F20001086000E0FFE710
:1075700000E0FFE7FFE745F2A800C2F20000016863
:10758000013101600068019948640198C06A45F2C0
:10759000AC01C2F200010968884208D9FFE70198EE
:1075A000C06A45F2AC01C2F200010860FFE7019930
:1075B000C86A00EB800241F20000C2F2000000EB5A
:1075C0008200043101F08EFB01F0E0FB45F6300053
:1075D000C2F200000068C8B1FFE740F6E870C2F2EE
:1075E00000000068C06A0199C96A88420CD2FFE7AE
:1075F0004EF60451CEF200014FF080500860BFF308
:107600004F8FBFF36F8F00E0FFE700E0FFE702B0AE
:1076100080BD000080B584B001F08CFB45F66800A9
:10762000C2F200000068002840D1FFE745F2687010
:10763000C2F20000029001F0FFFA45F27C70C2F243
:107640000000039001F0F8FA0299039840F6EC72FA
:10765000C2F20002116040F6FC71C2F20001086043
:1076600069460020086040F6F462C2F2000240F66B
:107670009473C2F200030A20102101F0A3FF014617
:1076800045F66800C2F200000160006860B1FFE7E3
:1076900045F66800C2F2000000684AF60E21C0F606
:1076A000000101F065FC00E0FFE700E0FFE701F00A
:1076B0006DFB04B080BD000080B582B0FFE745F2ED
:1076C000A000C2F20000006808B3FFE701F032FB3F
:1076D00045F65000C2F20000C068C06801900198F1
:1076E000043001F059FA45F29C01C2F20001086829
:1076F0000138086045F2A001C2F2000108680138B3
:10770000086001F043FB019800F08CF8D7E702B065
:1077100080BD000080B582B0019000910198006C9E
:10772000B8B1FFE70199C8680A6C1044C8600198B5
:107730008168C068884204D3FFE701990868C8607F
:1077400000E0FFE70098019AD168126CF8F704FE98
:10775000FFE702B080BD000080B586B005900491BF
:107760000392002002900598806B01900598006CB0
:1077700078B9FFE70598006848B9FFE70598806881
:1077800002F0D6FC029005990020886000E0FFE737
:1077900041E00398B8B9FFE7059A04995068126C64
:1077A000F8F7DAFD059948680A6C104448600599B5
:1077B00048688968884204D3FFE7059908684860EB
:1077C00000E0FFE726E0059A0499D068126CF8F70C
:1077D000C3FD0599C8680A6C801AC86005980168DD
:1077E000C068884206D2FFE7059988680A6C801A4B
:1077F000C86000E0FFE70398022809D1FFE701987D
:1078000020B1FFE701980138019000E0FFE700E0B8
:10781000FFE7FFE7FFE701980130059988630298C9
:1078200006B080BD80B582B00090009890F85900F5
:1078300040B9FFE70098006B01F0CEFA009801F024
:10784000CBFA1CE0009890F85900012804D1FFE71A
:10785000009801F0C1FA11E0009890F85900022850
:107860000BD0FFE74FF0500080F31188BFF36F8F0C
:10787000BFF34F8F0190FFE7FEE7FFE7FFE702B09E
:1078800080BD000082B0019040F6EC70C2F20000B2
:1078900000680068B0FA80F040090199086001981A
:1078A000006848B9FFE740F6EC70C2F200000068DB
:1078B000C0680068009002E000200090FFE7009898
:1078C00002B0704784B04FF47050009041F2904085
:1078D000C2F2000001909DF80400400788B1FFE764
:1078E000019807300190019820F007000190019A5B
:1078F00041F29041C2F200010098891A08440090B8
:10790000FFE701980290029945F63400C2F20000A8
:107910000160002141600298009A10440190019892
:1079200008380190019820F007000190019A40F674
:10793000F470C2F2000002600268516002681160D7
:10794000029903910199039A891A51600068039979
:1079500008600398406845F2C471C2F200010860F3
:107960000398406845F2BC71C2F20001086045F21C
:107970009071C2F200014FF00040086004B07047FF
:1079800080B582B00190FFE7FFF796FE41F200005C
:10799000C2F20000006802280CD3FFE74EF6045143
:1079A000CEF200014FF080500860BFF34F8FBFF35D
:1079B0006F8F00E0FFE7E7E780B584B0DDF818C01F
:1079C0000390029101928DF80330029818B9FFE7F5
:1079D0000698006003E0019806990860FFE70398A5
:1079E0000699C8630298069908640698012101F077
:1079F00071FE9DF80300069981F84C0004B080BD2B
:107A000080B588B0DDF834C0DDF830C0DDF82CC0BA
:107A1000DDF828C006900591049203930C98006B42
:107A200004998900A522F8F7DCFC0C98006B0499F6
:107A300000EB810004380290029820F007000290C9
:107A40009DF80800400758B1FFE74FF0500080F361
:107A50001188BFF36F8FBFF34F8F0790FFE7FEE7EB
:107A60000598F8B1FFE700200190FFE701980F2883
:107A700013D8FFE70598019A805C0C99114481F8AE
:107A8000340005980199405C08B9FFE705E0FFE77D
:107A9000FFE7019801300190E8E70C99002081F898
:107AA000430004E00C99002081F83400FFE70A98B5
:107AB000382803D3FFE737200A9000E0FFE70A9851
:107AC0000C99C8620A980C99C8640C99002000901F
:107AD00008650C98043001F0C7F80C98183001F0D4
:107AE000C3F800980C9909610A99C1F138010C9A00
:107AF00091610C9949620C9948650C9981F858007C
:107B000002980699039A00F0D1FC0C9908600B9832
:107B100020B1FFE70C980B99086000E0FFE708B080
:107B200080BD000080B584B000200390FFE703987B
:107B3000372810D8FFE7039800EB800141F20000DE
:107B4000C2F2000000EB810001F076F8FFE7039835
:107B500001300390EBE745F29470C2F2000001900F
:107B600001F06AF845F2A870C2F20000029001F03C
:107B700063F845F2DC70C2F2000001F05DF845F6F2
:107B80005000C2F2000001F057F845F63C00C2F286
:107B9000000001F051F80199029840F6F072C2F22B
:107BA0000002116040F6F871C2F20001086004B0F2
:107BB00080BD000083B0029045F63400C2F20000A0
:107BC0000190FFE7019800680299884205D2FFE71B
:107BD000FFE7019800680190F4E701980090009891
:107BE0000199496808440299884209D1FFE702983F
:107BF000426801994868104448600198029000E08A
:107C0000FFE702980090009802994968084401999A
:107C10000968884220D1FFE70198006840F6F471B6
:107C2000C2F20001096888420DD0FFE701980068A0
:107C300042680299486810444860019800680068EA
:107C40000299086007E040F6F470C2F20000006894
:107C500002990860FFE704E0019800680299086053
:107C6000FFE701980299884204D0FFE70298019942
:107C7000086000E0FFE703B07047000080B586B001
:107C800005900491039202930020019004980599B5
:107C900048600598006104980399884216D8FFE768
:107CA00003980299401A05998969884203D3FFE72E
:107CB0000120019009E040F6FC70C2F2000000686B
:107CC0000599043100F0D8FFFFE717E00398029907
:107CD000884208D2FFE704980299884203D3FFE75D
:107CE0000120019009E040F6EC70C2F2000000684B
:107CF0000599043100F0C0FFFFE7FFE7019806B0E7
:107D000080BD000080B582B0019001F013F80198A9
:107D1000806B18B9FFE70120009002E0002000907E
:107D2000FFE701F033F8009802B080BD80B582B063
:107D3000019000F0FFFF0198806B0199C96B8842A8
:107D400003D1FFE70120009002E000200090FFE750
:107D500001F01CF8009802B080BD000008480068DF
:107D6000006880F308884FF0000080F3148862B642
:107D700061B6BFF34F8FBFF36F8F00DF00BF00000E
:107D800008ED00E080B586B00490039140F6EC70F9
:107D9000C2F200000068C068C06801900198043019
:107DA00000F0FAFE019890F828004007002823D53B
:107DB000FFE70198049B81691944039AFFF75EFF6E
:107DC000C0B1FFE70198049A694600230B60194689
:107DD00002F09AFB0290029858B9FFE74FF050006A
:107DE00080F31188BFF36F8FBFF34F8F0590FFE7CC
:107DF000FEE700E0FFE707E0019991F8280000F0B6
:107E0000FE0081F82800FFE70198016A884706B064
:107E100080BD000080B58EB0FFE745F66800C2F275
:107E20000000006807A9002201F06EFE002800F0A3
:107E3000B880FFE70798B0F1FF3F17DCFFE707A81E
:107E400004300290029858B9FFE74FF0500080F3D9
:107E50001188BFF36F8FBFF34F8F0D90FFE7FEE7E1
:107E600002990A6848688968904700E0FFE7079828
:107E7000002800F19580FFE7099806900698406970
:107E800028B1FFE70698043000F086FE00E0FFE727
:107E900005A800F0FBF8039007980190092800F26C
:107EA0007D800199DFE801F00505053D4566050582
:107EB0003D45069991F8280040F0010081F828001E
:107EC0000698089B81691944039AFFF7D7FE30B3DF
:107ED000FFE70698016A8847069890F8280040074F
:107EE00000281AD5FFE70698089982690A4469466E
:107EF00000230B60194602F007FB0490049858B960
:107F0000FFE74FF0500080F31188BFF36F8FBFF38E
:107F10004F8F0C90FFE7FEE700E0FFE700E0FFE790
:107F20003DE0069991F8280000F0FE0081F8280055
:107F300035E0069991F8280040F0010081F828000A
:107F40000898069988610698806958B9FFE74FF04C
:107F5000500080F31188BFF36F8FBFF34F8F0B90EA
:107F6000FFE7FEE70698039B816919441A46FFF76D
:107F700085FE14E0069890F828008007002804D4B5
:107F8000FFE7069800F028FF07E0069991F828001F
:107F900000F0FE0081F82800FFE700E0FFE7FFE7C0
:107FA0003BE70EB080BD000080B584B00390029125
:107FB00001F0D2F9684600F069F801900098D8BB4A
:107FC000FFE7029860B9FFE703980199884207D854
:107FD000FFE702F08BF903980199FFF7D3FE2AE03F
:107FE000029858B1FFE740F6FC70C2F2000000684A
:107FF0000068B0FA80F040090290FFE745F668009B
:10800000C2F2000000680399019A891A029A00F0EE
:10801000D9FF02F06BF960B9FFE74EF60451CEF2DA
:1080200000014FF080500860BFF34F8FBFF36F8F98
:1080300000E0FFE7FFE702E002F058F9FFE704B0D5
:1080400080BD000081B040F6F070C2F20000006810
:10805000006840B9FFE745F2C871C2F200014FF075
:10806000FF3008600FE040F6F070C2F200000068D8
:10807000C068C06800900098406845F2C871C2F2BC
:1080800000010860FFE701B07047000080B582B0D2
:10809000019001F061FF0090009840F6E471C2F297
:1080A00000010968884206D2FFE700F011F8019943
:1080B0000120086003E0019900200860FFE70098B4
:1080C00040F6E471C2F200010860009802B080BD81
:1080D00080B588B0FFE740F6EC70C2F2000000689F
:1080E000006800284ED0FFE740F6EC70C2F20000B6
:1080F0000168C968096806910068C068C068039093
:108100000398043000F048FD0398016A88470398FB
:1081100090F828004007002832D5FFE70698039919
:108120008969084405900598069988420FD9FFE7A8
:108130000598039948600398006140F6EC70C2F21C
:10814000000000680399043100F096FD17E00398E1
:10815000069A694600230B60194602F0D5F9029091
:10816000029858B9FFE74FF0500080F31188BFF331
:108170006F8FBFF34F8F0790FFE7FEE7FFE700E049
:10818000FFE7A8E740F6EC72C2F200021068049024
:1081900040F6FC71C2F200010868106004980860A3
:1081A00008B080BD83B00020009040F20C00C2F205
:1081B00000000068013058B1FFE74FF0500080F335
:1081C0001188BFF36F8FBFF34F8F0290FFE7FEE779
:1081D0004FF0500080F31188BFF36F8FBFF34F8FC4
:1081E0000190FFE7009808B9FFE7FBE703B070478D
:1081F00080B584B00390FFE701A8FFF743FB02902E
:1082000002980199FFF7D0FEFFF704FEF4E70000A3
:1082100080B582B0019000F08DFD019890F8450086
:108220008DF80300FFE79DF90300012816DBFFE747
:108230000198406A58B1FFE70198243001F0EEFF41
:1082400018B1FFE700F0C4FF00E0FFE700E005E041
:108250009DF8030001388DF80300E4E70199FF2041
:1082600081F8450000F092FD00F064FD019890F85F
:1082700044008DF80200FFE79DF90200012816DB9B
:10828000FFE70198006980B1FFE70198103001F025
:10829000C5FF18B1FFE700F09BFF00E0FFE79DF886
:1082A000020001388DF8020000E000E0E4E70199E7
:1082B000FF2081F8440000F069FD02B080BD00009D
:1082C00080B58AB006900020029001F045F840F693
:1082D000F470C2F20000006818B9FFE7FFF7F2FA85
:1082E00000E0FFE7069845F29071C2F200010968CC
:1082F000084240F0C580FFE7069800B3FFE7069804
:10830000083006909DF818004007B0B1FFE70698C6
:1083100020F00700083006909DF81800400758B17B
:10832000FFE74FF0500080F31188BFF36F8FBFF36A
:108330004F8F0990FFE7FEE700E0FFE700E0FFE76F
:108340000698002800F09A80FFE7069845F2BC7175
:10835000C2F200010968884200F29080FFE745F60A
:108360003400C2F20000049000680590FFE7059811
:108370004168069A00209142019007D2FFE70598D4
:108380000068002818BF01200190FFE70198C0078E
:1083900030B1FFE705980490059800680590E6E77E
:1083A000059840F6F471C2F200010968884263D072
:1083B000FFE7049800680830029005980068049967
:1083C0000860059840680699401A112821D3FFE7F4
:1083D00005980699084403909DF80C00400758B191
:1083E000FFE74FF0500080F31188BFF36F8FBFF3AA
:1083F0004F8F0890FFE7FEE7059840680699401AFE
:10840000039948600698059948600398FFF7D2FBE6
:1084100000E0FFE70598426845F2BC70C2F2000038
:108420000168891A0160006845F2C471C2F2000156
:10843000096888420BD2FFE745F2BC70C2F2000027
:10844000006845F2C471C2F20001086000E0FFE775
:1084500045F29070C2F20000026805994868104326
:10846000486005990020086045F2D071C2F2000111
:1084700008680130086000E0FFE700E0FFE700E087
:10848000FFE701F033FF9DF80800400758B1FFE710
:108490004FF0500080F31188BFF36F8FBFF34F8F01
:1084A0000790FFE7FEE702980AB080BD83B0029014
:1084B0000191009202980438029002994FF0807066
:1084C0000860029804380290019820F00100029997
:1084D0000860029804380290029948F2A510C0F68C
:1084E0000000086002981438029000980299086011
:1084F00002980438029002996FF002000860029816
:1085000020380290029803B07047000080B584B014
:1085100003900291029800780399097A884201D168
:10852000FFE740E00298007803990872002001906C
:10853000FFE70198032829DCFFE70298007800078D
:10854000002807D5FFE70399086889880122FAF710
:108550005BFE06E00399086889880022FAF754FE5A
:10856000FFE7029908784000087003990868C988F5
:108570000122FAF749FE03990868C9880022FAF730
:1085800043FEFFE7019801300190D2E703990868A4
:10859000C9880122FAF738FE03990868C9880022C1
:1085A000FAF732FEFFE704B080BD000083B002900E
:1085B0000191ADF80220ADF80030019802990860F1
:1085C000BDF8020002998880BDF800000299C880B9
:1085D0000299F020087203B07047000080B594B093
:1085E0008DF84F0000201290119010900F900E9077
:1085F0009DF84F0001460A91012808D0FFE70A982C
:10860000022839D0FFE70A98032867D09DE041F29D
:108610006440C2F200000021C4F202014FF4007273
:108620004FF48063FFF7C2FFFFE700200D9043F691
:108630003000C4F20200016841F0010101600068ED
:1086400000F001000D900D98FFE70020C4F2020039
:1086500009904FF4C061079100220892FAF7D4FD07
:108660000799089A09980E9101210F911092119182
:108670000EA9FAF7EDFB69E041F27040C2F200008A
:108680000021C4F2020104220823FFF78FFFFFE755
:1086900000200C9043F63000C4F20200016841F063
:1086A00001010160006800F001000C900C98FFE7E8
:1086B0000020C4F2020006900C21049100220592D1
:1086C000FAF7A2FD0499059A06980E9101210F91DF
:1086D000109211910EA9FAF7BBFB37E041F27C40F2
:1086E000C2F2000040F60001C4F202014FF48062C1
:1086F0004FF40063FFF75AFFFFE700200B9043F6AB
:108700003000C4F20200016841F004010160006819
:1087100000F004000B900B98FFE740F60000C4F255
:10872000020003904FF44061019100220292FAF797
:108730006BFD0199029A03980E9101210F911092FD
:1087400011910EA9FAF784FB00E0FFE79DF84F00B6
:10875000002100F003F814B080BD000080B582B0A5
:108760008DF807008DF806109DF8060000F00F0048
:108770008DF805009DF8070001460091012808D0FA
:10878000FFE7009802280DD0FFE70098032812D0D9
:108790001AE041F26440C2F200000DF10501FFF75A
:1087A000B5FE12E041F27040C2F200000DF1050189
:1087B000FFF7ACFE09E041F27C40C2F200000DF18F
:1087C0000501FFF7A3FE00E0FFE702B080BD000057
:1087D00080B59AB01890BDF86000ADF864009DF8BF
:1087E0006400014617910A2800F2D2811799DFE848
:1087F00011F00B00330077009D00C30007012D012D
:1088000071019701BD01C60140F2C820C2F200000B
:108810000121417080F8F5100021C161C0F81011EC
:1088200090ED0E0ADFEDDB0AFEF77EFC98B1FFE764
:1088300040F2C820C2F2000090ED4B0ADFEDD50AED
:10884000FEF772FC38B1FFE740F2A061C2F200010E
:1088500001200870FFE79BE1B7EE000A8DED150AD5
:10886000FCF7CCFBB0EE401A9DED150A40F2C82093
:10887000C2F20000149080ED071AFCF7BFFB1498B9
:10888000B0EE401A9DED150A80ED441A90ED0E1AD7
:108890008DED161AFCF7B2FBF0EE400A9DED160ABC
:1088A000FEF742FCD8B1FFE740F2C820C2F2000058
:1088B00090ED4B0A8DED130AB7EE000AFCF79EFB14
:1088C000F0EE400A9DED130AFEF72EFC38B1FFE7EB
:1088D00040F2A061C2F2000101200870FFE757E1F9
:1088E000B7EE000A8DED110AFCF788FBB0EE401AD6
:1088F0009DED110A40F2C820C2F2000080ED071A77
:1089000090ED0E1A8DED121AFCF778FBF0EE400A8E
:108910009DED120AFEF708FC38B1FFE740F2A061B6
:10892000C2F2000101200870FFE731E1B7EE000A52
:108930008DED0F0AFCF762FBB0EE401A9DED0F0AB9
:1089400040F2C820C2F2000080ED071A90ED0E1A26
:108950008DED101AFCF752FBF0EE400A9DED100A67
:10896000FEF7E2FB38B1FFE740F2A061C2F200017E
:1089700001200870FFE70BE1B7EE000A8DED0D0A4C
:10898000FCF73CFBB0EE401A9DED0D0A40F2C8200A
:10899000C2F200000C9080ED071AFCF72FFB0C9838
:1089A000B0EE401A9DED0D0A80ED441A90ED0E1ABE
:1089B0008DED0E1AFCF722FBF0EE400A9DED0E0A3B
:1089C000FEF7B2FBD8B1FFE740F2C820C2F20000C8
:1089D00090ED4B0A8DED0B0AB7EE000AFCF70EFB8B
:1089E000F0EE400A9DED0B0AFEF79EFB38B1FFE763
:1089F00040F2A061C2F2000101200870FFE7C7E069
:108A0000B7EE000A8DED090AFCF7F8FAB0EE401A4D
:108A10009DED090A40F2C820C2F2000080ED071A5D
:108A200090ED0E1A8DED0A1AFCF7E8FAF0EE400A06
:108A30009DED0A0AFEF778FB38B1FFE740F2A0612E
:108A4000C2F2000101200870FFE7A1E0B7EE000AC2
:108A50008DED070AFCF7D2FAB0EE401A9DED070A39
:108A600040F2C820C2F20000069080ED071AFCF721
:108A7000C5FA0698B0EE401A9DED070A80ED441A3B
:108A800090ED0E1A8DED081AFCF7B8FAF0EE400AD8
:108A90009DED080AFEF748FBD8B1FFE740F2C82079
:108AA000C2F2000090ED4B0A8DED050AB7EE000A08
:108AB000FCF7A4FAF0EE400A9DED050AFEF734FB40
:108AC00038B1FFE740F2A061C2F200010120087056
:108AD000FFE75DE0B7EE000A8DED030AFCF78EFAC2
:108AE000B0EE401A9DED030A40F2C820C2F2000029
:108AF00080ED071A90ED0E1A8DED041AFCF77EFA40
:108B0000F0EE400A9DED040AFEF70EFB38B1FFE7D8
:108B100040F2A061C2F2000101200870FFE737E0D7
:108B2000B7EE000A8DED010AFCF768FAB0EE401AC4
:108B30009DED010A40F2C820C2F2000080ED071A44
:108B400090ED0E1A8DED021AFCF758FAF0EE400A7D
:108B50009DED020AFEF7E8FA38B1FFE740F2A061A6
:108B6000C2F2000101200870FFE711E0FEF7DAFA17
:108B700040F2A061C2F200010120087008E0FEF797
:108B8000CFFA40F2A061C2F2000101200870FFE7B5
:108B90001AB080BD0000000082B001900198006909
:108BA00000900198416880688860019948688968E8
:108BB0004860009840680199884205D1FFE7019814
:108BC00080680099486000E0FFE701990020086193
:108BD00000990868013808600098006802B0704782
:108BE00083B0029001910092029945F2B020C2F246
:108BF00000000860019945F2B000C2F20000086070
:108C000000998020086003B07047000083B0029094
:108C100001910092029945F20C70C2F200000860C6
:108C2000019945F20C30C2F20000086000994FF43F
:108C30008070086003B0704781B00090009901F126
:108C40000800486000994FF0FF308860009901F1FA
:108C50000800C860009901F108000861009900202F
:108C6000086001B07047000081B0009000990020BA
:108C7000086101B07047000084B00390029102982F
:108C8000006800900098013020B9FFE70398006960
:108C9000019010E0039808300190FFE701984068C8
:108CA00000680099884205D8FFE7FFE7019840680F
:108CB0000190F3E7FFE70198406802994860029845
:108CC000416888600198029988600298019948601B
:108CD000039802990861039908680130086004B09C
:108CE0007047000083B002900191029840680090A4
:108CF00000980199486000988068019988600198FF
:108D000000998968486001980099886002980199E3
:108D10000861029908680130086003B070470000DC
:108D2000DFF80C00016841F4700101607047000039
:108D300088ED00E082B04FF0500080F31188BFF35F
:108D40006F8FBFF34F8F019040F20C00C2F2000012
:108D50000168013101600068012814D1FFE74EF677
:108D60000450CEF200000068000658B1FFE74FF053
:108D7000500080F31188BFF36F8FBFF34F8F0090C7
:108D8000FFE7FEE7FFE702B07047000082B040F265
:108D90000C00C2F20000006858B9FFE74FF0500025
:108DA00080F31188BFF36F8FBFF34F8F0090FFE701
:108DB000FEE740F20C00C2F20000016801390160D8
:108DC000006830B9FFE700200190019880F3118816
:108DD000FFE702B07047000080B586B003900398AB
:108DE0000290039800285CD0FFE7029808380290B0
:108DF000029801900198406845F29071C2F200011A
:108E0000096808420BD1FFE74FF0500080F311884A
:108E1000BFF36F8FBFF34F8F0590FFE7FEE7019819
:108E2000006858B1FFE74FF0500080F31188BFF39E
:108E30006F8FBFF34F8F0490FFE7FEE70198406804
:108E400045F29071C2F200010968084227D0FFE79D
:108E50000198006808BBFFE745F29070C2F200007D
:108E60000268019948689043486000F075FA0198DB
:108E7000426845F2BC71C2F2000108681044086003
:108E80000198FEF797FE45F2D471C2F2000108681E
:108E90000130086001F02AFA00E0FFE700E0FFE798
:108EA000FFE706B080BD00004EF21001CEF20001D7
:108EB000002008604EF21802CEF20002106040F26C
:108EC0000000C2F20000006844F6D352C1F2620210
:108ED000A0FB02024FF0FF3000EB92104EF21402A2
:108EE000CEF20002106007200860704784B0EFF3F4
:108EF00005800190019810281ED3FFE701984EF2DB
:108F0000F031CEF20001405C8DF803009DF80300C3
:108F100045F29001C2F20001097888420BDAFFE7BE
:108F20004FF0500080F31188BFF36F8FBFF34F8F66
:108F30000390FFE7FEE7FFE74EF60C50CEF200008D
:108F4000006800F4E06045F29401C2F20001096893
:108F500088420BD9FFE74FF0500080F31188BFF330
:108F60006F8FBFF34F8F0290FFE7FEE704B07047AB
:108F700083B00290019100200090FFE7009807283D
:108F80001DD8FFE7009945F2F070C2F2000050F8DA
:108F9000310070B9FFE70198009A45F2F071C2F212
:108FA000000141F832000298009A01EBC2014860CA
:108FB00005E0FFE7FFE7009801300090DEE703B02F
:108FC0007047000080B584B003900291019203982D
:108FD0000090FFF7AFFE009890F94400013028B9E7
:108FE000FFE70099002081F84400FFE7009890F91E
:108FF0004500013028B9FFE70099002081F84500BD
:10900000FFE7FFF7C3FE0098806B38B9FFE70098D1
:1090100024300299019A00F005F900E0FFE700987A
:10902000FFF7F6F804B080BD80B584B00290002050
:1090300001900298E0B1FFE745F2A400C2F20000FF
:10904000006858B1FFE74FF0500080F31188BFF37C
:109050006F8FBFF34F8F0390FFE7FEE700F07CF9BF
:1090600002980021FEF7DAF901F040F9019000E0E2
:10907000FFE7019860B9FFE74EF60451CEF2000118
:109080004FF080500860BFF34F8FBFF36F8F00E049
:10909000FFE704B080BD000080B58AB0069005915E
:1090A00000200290069858B9FFE74FF0500080F377
:1090B0001188BFF36F8FBFF34F8F0990FFE7FEE773
:1090C000059858B9FFE74FF0500080F31188BFF3BF
:1090D0006F8FBFF34F8F0890FFE7FEE745F2A400C4
:1090E000C2F20000006858B1FFE74FF0500080F373
:1090F0001188BFF36F8FBFF34F8F0790FFE7FEE735
:1091000000F02AF945F66400C2F200000068019000
:109110000698006805990844049001980699096822
:10912000884210D2FFE7049806990968884208D25D
:10913000FFE704980199884203D9FFE701200290D4
:1091400000E0FFE70FE0049806990968884205D31C
:10915000FFE704980199884203D9FFE701200290B4
:1091600000E0FFE7FFE7049806990860029838B12D
:10917000FFE704980199401A0021FEF74FF900E03B
:10918000FFE701F0B3F80390039860B9FFE74EF6EC
:109190000451CEF200014FF080500860BFF34F8FB2
:1091A000BFF36F8F00E0FFE70AB080BD81B0009091
:1091B00045F2CC70C2F2000000680099086045F6E4
:1091C0006400C2F2000000680099486001B0704776
:1091D00045F67001C2F200010120086070470000EE
:1091E00080B584B002900191029858B9FFE74FF022
:1091F000500080F31188BFF36F8FBFF34F8F039040
:10920000FFE7FEE7029840F6E871C2F20001096844
:109210001831FFF731FD01980121FEF7FFF804B086
:1092200080BD000080B584B0029001910092029848
:1092300058B9FFE74FF0500080F31188BFF36F8FEC
:10924000BFF34F8F0390FFE7FEE7029840F6E87107
:10925000C2F2000109681831FFF744FD009820B1FF
:10926000FFE74FF0FF300190FFE701980099FEF70C
:10927000D5F804B080BD000080B58AB0002003900E
:109280000690059006A805A904AAFFF7A9FC039B70
:10929000049A0599DDF818C06846C0F808C0416016
:1092A000036047F68110C0F600004AF60921C0F6B7
:1092B000000100F0CDFD014645F2C070C2F2000091
:1092C0000160006818B1FFE70120079002E000206C
:1092D0000790FFE70798012804D1FFE701F0CAF8DB
:1092E000079000E0FFE70798012823D1FFE74FF040
:1092F000500080F31188BFF36F8FBFF34F8F099039
:1093000045F2C871C2F200014FF0FF30086045F627
:109310003001C2F200010120086045F66401C2F28A
:1093200000010020086000F083F808B1FFE700E0CA
:10933000FFE70FE00798013058B9FFE74FF0500002
:1093400080F31188BFF36F8FBFF34F8F0890FFE753
:10935000FEE7FFE70AB080BD45F2A401C2F20001BA
:10936000086801300860704783B045F2A400C2F27B
:109370000000006838B1FFE745F67001C2F2000155
:109380000120086051E045F67001C2F200010020A2
:10939000086045F2AC00C2F2000000680190FFE7EF
:1093A000019800EB800141F20000C2F2000050F889
:1093B000210090B9FFE7019858B9FFE74FF050003E
:1093C00080F31188BFF36F8FBFF34F8F0290FFE7D9
:1093D000FEE7019801380190E2E7019800EB800177
:1093E00041F20000C2F2000000EB81000090009901
:1093F000486840684860009948680831884205D14B
:10940000FFE70099486840684860FFE700984068B7
:10941000C06840F6E871C2F200010860019845F2A8
:10942000AC01C2F200010860FFE703B07047000022
:1094300080B588B04EF60050CEF2000000684CF2C5
:109440007121C4F20F1188420BD1FFE74FF0500099
:1094500080F31188BFF36F8FBFF34F8F0790FFE743
:10946000FEE74EF60050CEF2000000684CF270218C
:10947000C4F20F1188420BD1FFE74FF0500080F388
:109480001188BFF36F8FBFF34F8F0690FFE7FEE7A2
:109490004EF20040CEF20000039001780491FF21CB
:1094A000017000788DF80B009DF80B0000F0500063
:1094B00045F29001C2F20001087045F29401C2F237
:1094C000000107200860FFE79DF80B000006002858
:1094D0000DD5FFE745F29401C2F20001086801389A
:1094E00008609DF80B0040008DF80B00ECE745F29A
:1094F0009400C2F20000006803280BD0FFE74FF091
:10950000500080F31188BFF36F8FBFF34F8F05902A
:10951000FFE7FEE745F29401C2F20001086800028D
:109520000860086800F4E060086004984EF20041AA
:10953000CEF2000108704EF62051CEF2000108680C
:1095400040F470000860086840F070400860FFF761
:10955000ABFC40F20C01C2F2000100200190086057
:10956000FFF7DEFB4EF63471CEF20001086840F0E2
:1095700040400860FEF7F2FBFFF7F6FEFEF712FE32
:10958000019808B080BD000080B582B04FF0500057
:1095900080F31188BFF36F8FBFF34F8F009000F0FF
:1095A000E5FC40B1FFE74EF60451CEF200014FF06A
:1095B00080500860FFE700200190019880F3118837
:1095C00002B080BD80B590B084461298CDF828C016
:1095D0000991089207938DF81B000A9858B9FFE784
:1095E0004FF0500080F31188BFF36F8FBFF34F8FA0
:1095F0000F90FFE7FEE7079858B9FFE74FF05000DC
:1096000080F31188BFF36F8FBFF34F8F0E90FFE78A
:10961000FEE708990020039031B1FFE70998B0FAFE
:1096200080F040090390FFE70398C00758B1FFE7B7
:109630004FF0500080F31188BFF36F8FBFF34F8F4F
:109640000D90FFE7FEE708990020029031B9FFE78F
:109650000998002818BF01200290FFE70298C00770
:1096600058B1FFE74FF0500080F31188BFF36F8FC0
:10967000BFF34F8F0C90FFE7FEE750200490049853
:1096800050280BD0FFE74FF0500080F31188BFF354
:109690006F8FBFF34F8F0B90FFE7FEE7049807989B
:1096A0000590059888B1FFE70599012081F84600EB
:1096B0000A980999089A9DF81B30DDF814C0EE4607
:1096C000CEF800C0FEF778F900E0FFE7059810B08B
:1096D00080BD000080B584B0029001910298009096
:1096E000009858B9FFE74FF0500080F31188BFF39E
:1096F0006F8FBFF34F8F0390FFE7FEE7FFF71AFB73
:1097000000990B68C86B0A6C00FB023088600099F6
:109710000020886300990868486000990B68C86B4E
:109720000A6C013800FB0230C8600099FF2081F804
:109730004400009981F845000198D0B9FFE70098EE
:109740000069A0B1FFE70098103000F067FD60B13C
:10975000FFE74EF60451CEF200014FF08050086052
:10976000BFF34F8FBFF36F8F00E0FFE700E0FFE72D
:1097700008E000981030FFF75FFA00982430FFF7F8
:109780005BFAFFE7FFF702FB012004B080BD000099
:1097900080B592B00C900B910A920993002008902A
:1097A0000C980490049858B9FFE74FF0500080F3EC
:1097B0001188BFF36F8FBFF34F8F1190FFE7FEE764
:1097C0000B990020039039B9FFE70498006C00283A
:1097D00018BF01200390FFE70398C00758B1FFE7C7
:1097E0004FF0500080F31188BFF36F8FBFF34F8F9E
:1097F0001090FFE7FEE7099900200229029007D1A7
:10980000FFE70498C06B013818BF01200290FFE702
:109810000298C00758B1FFE74FF0500080F311885D
:10982000BFF36F8FBFF34F8F0F90FFE7FEE700F09E
:1098300077FB01460020019031B9FFE70A98002824
:1098400018BF01200190FFE70198C00758B1FFE75A
:109850004FF0500080F31188BFF36F8FBFF34F8F2D
:109860000E90FFE7FEE7FFE7FFF764FA0498806BCE
:109870000499C96B884204D3FFE70998022834D1C0
:10988000FFE704980B99099AFDF766FF0790049883
:10989000406AA0B1FFE70498243000F0BFFC60B13B
:1098A000FFE74EF60451CEF200014FF08050086001
:1098B000BFF34F8FBFF36F8F00E0FFE710E0079813
:1098C00060B1FFE74EF60451CEF200014FF0805038
:1098D0000860BFF34F8FBFF36F8F00E0FFE7FFE734
:1098E000FFF754FA01200D9065E00A9828B9FFE7C8
:1098F000FFF74CFA00200D905DE0089830B9FFE7C3
:1099000005A8FFF753FC0120089000E0FFE7FFE700
:10991000FFE7FFF73BFAFFF71FFDFFF70BFA04988D
:1099200090F94400013028B9FFE70499002081F83C
:109930004400FFE7049890F94500013028B9FFE79B
:109940000499002081F84500FFE7FFF71FFA05A8FA
:109950000AA900F0C7F928BBFFE70498FEF7E6F96B
:10996000C8B1FFE7049810300A99FFF739FC049852
:10997000FEF74EFC00F0BAFC60B9FFE74EF604516A
:10998000CEF200014FF080500860BFF34F8FBFF35D
:109990006F8FFFE705E00498FEF73AFC00F0A6FCA5
:1099A000FFE707E00498FEF733FC00F09FFC00207F
:1099B0000D9000E058E70D9812B080BD80B592B0D0
:1099C0000B900A91099208930B980590059858B945
:1099D000FFE74FF0500080F31188BFF36F8FBFF3A4
:1099E0004F8F0E90FFE7FEE70A990020029039B9E9
:1099F000FFE70598006C002818BF01200290FFE7E0
:109A00000298C00758B1FFE74FF0500080F311886B
:109A1000BFF36F8FBFF34F8F0D90FFE7FEE70899FD
:109A200000200229019007D1FFE70598C06B01389B
:109A300018BF01200190FFE70198C00758B1FFE768
:109A40004FF0500080F31188BFF36F8FBFF34F8F3B
:109A50000C90FFE7FEE7FFF749FAEFF311814FF0B3
:109A6000500080F31188BFF36F8FBFF34F8F1091B9
:109A70000F90109806900598806B0599C96B8842E5
:109A800004D3FFE70898022833D1FFE7059890F840
:109A900045008DF813000598806B039005980A998E
:109AA000089AFDF759FE9DF913000130B8B9FFE798
:109AB0000598406A88B1FFE70598243000F0AEFBB6
:109AC00048B1FFE7099820B1FFE709990120086034
:109AD00000E0FFE700E0FFE700E0FFE706E09DF8B9
:109AE00013000130059981F84500FFE70120079038
:109AF00002E000200790FFE706981190119880F38C
:109B00001188079812B080BD80B58EB00990089179
:109B100007920020069009980390039858B9FFE730
:109B20004FF0500080F31188BFF36F8FBFF34F8F5A
:109B30000D90FFE7FEE708990020019039B9FFE793
:109B40000398006C002818BF01200190FFE70198DE
:109B5000C00758B1FFE74FF0500080F31188BFF302
:109B60006F8FBFF34F8F0C90FFE7FEE700F0D8F93F
:109B700001460020009031B9FFE70798002818BF80
:109B800001200090FFE70098C00758B1FFE74FF0B1
:109B9000500080F31188BFF36F8FBFF34F8F0B908E
:109BA000FFE7FEE7FFE7FFF7C5F80398806B029039
:109BB000029830B3FFE703980899FDF7ABFD0298D0
:109BC00001380399886303980069A0B1FFE70398FF
:109BD000103000F023FB60B1FFE74EF60451CEF2E7
:109BE00000014FF080500860BFF34F8FBFF36F8FBD
:109BF00000E0FFE700E0FFE7FFF7C8F801200A9068
:109C00006DE0079828B9FFE7FFF7C0F800200A9039
:109C100065E0069830B9FFE704A8FFF7C7FA01200E
:109C2000069000E0FFE7FFE7FFE7FFF7AFF8FFF779
:109C300093FBFFF77FF8039890F94400013028B9AF
:109C4000FFE70399002081F84400FFE7039890F9AB
:109C50004500013028B9FFE70399002081F845004D
:109C6000FFE7FFF793F804A807A900F03BF830BB23
:109C7000FFE70398FEF746F8D0B1FFE703982430DA
:109C80000799FFF7ADFA0398FEF7C2FA00F02EFB32
:109C900060B9FFE74EF60451CEF200014FF080505C
:109CA0000860BFF34F8FBFF36F8F00E0FFE705E061
:109CB0000398FEF7ADFA00F019FBFFE70EE00398FA
:109CC000FEF7A6FA00F012FB0398FEF71BF818B196
:109CD000FFE700200A9002E0FFE7FFE763E70A984A
:109CE0000EB080BD80B588B005900491059858B934
:109CF000FFE74FF0500080F31188BFF36F8FBFF381
:109D00004F8F0790FFE7FEE7049858B9FFE74FF041
:109D1000500080F31188BFF36F8FBFF34F8F069011
:109D2000FFE7FEE7FFF706F845F66400C2F2000021
:109D300000680290029805994968401A01900498B9
:109D40000068013018B9FFE7002003902BE045F2CE
:109D5000CC70C2F20000006805990968884209D0F9
:109D6000FFE7029805994968884203D3FFE701207D
:109D7000039017E001980499096888420BD2FFE725
:109D8000019A04990868801A08600598FFF70EFA8E
:109D90000020039005E00499002008600120039052
:109DA000FFE7FFE7FFE7FEF7F1FF039808B080BD8C
:109DB00070B58CB0DDF844C0DDF840C00B900A915E
:109DC000ADF826200893BDF826008000FEF778FA4B
:109DD0000590059880B1FFE75C20FEF771FA0790C7
:109DE000079820B1FFE705980799086303E00598F5
:109DF000FEF7F2FFFFE702E000200790FFE7079879
:109E0000F0B1FFE70798002680F859600B980A998F
:109E1000BDF82620089BDDF840C0119C079DEE464A
:109E2000CEF80C60CEF80850CEF80440CEF800C052
:109E3000FDF7E6FD0798FDF75BFB0120069003E0C8
:109E40004FF0FF300690FFE706980CB070BD0000A1
:109E5000B0B58EB0DDF850C0DDF84CC0DDF848C0BC
:109E60000A90099108920793139858B9FFE74FF0A9
:109E7000500080F31188BFF36F8FBFF34F8F0D90A9
:109E8000FFE7FEE7149858B9FFE74FF0500080F362
:109E90001188BFF36F8FBFF34F8F0C90FFE7FEE782
:109EA0005C20049004985C280BD0FFE74FF0500032
:109EB00080F31188BFF36F8FBFF34F8F0B90FFE7D5
:109EC000FEE70498149820B3FFE7139808B3FFE760
:109ED000149806901398069908630699022081F851
:109EE00059000A980999089A079BDDF848C0069C12
:109EF000EE460025CEF80C50CEF8084005ACCEF862
:109F00000440CEF800C0FDF77BFD0698FDF7F0FA9F
:109F100002E000200590FFE705980EB0B0BD0000FC
:109F200081B045F63000C2F20000006818B9FFE7C2
:109F3000012000900DE045F2A400C2F2000000688C
:109F400018B9FFE70220009002E000200090FFE730
:109F5000FFE7009801B0704781B045F66400C2F297
:109F6000000000680090009801B0704780B586B08E
:109F70000020029045F2A400C2F200000068002810
:109F800040F0CB80FFE745F66401C2F200010868AB
:109F90000130019001980860019858BBFFE740F636
:109FA000F070C2F200000068006858B1FFE74FF09F
:109FB000500080F31188BFF36F8FBFF34F8F059070
:109FC000FFE7FEE740F6F072C2F200021068009070
:109FD00040F6F871C2F2000108681060009808604D
:109FE00045F2CC71C2F20001086801300860FEF74A
:109FF00029F800E0FFE7019845F2C871C2F20001BC
:10A000000968884268D3FFE7FFE740F6F070C2F2C4
:10A0100000000068006840B9FFE745F2C871C2F26D
:10A0200000014FF0FF30086055E040F6F070C2F2DA
:10A0300000000068C068C0680490049840680390FD
:10A0400001980399884207D2FFE7039845F2C87147
:10A05000C2F2000108603EE0FFE704980430FEF71A
:10A060009BFD0498806A28B1FFE704981830FEF73A
:10A0700093FD00E0FFE70498C06A45F2AC01C2F22C
:10A0800000010968884208D9FFE70498C06A45F2D0
:10A09000AC01C2F200010860FFE70499C86A00EB56
:10A0A000800241F20000C2F2000000EB82000431A5
:10A0B000FEF718FE0498C06A40F6E871C2F200018B
:10A0C0000968C96A884203D3FFE70120029000E0D3
:10A0D000FFE7FFE799E7FFE740F6E870C2F200000C
:10A0E0000068C06A00EB800141F20000C2F200008B
:10A0F00050F82100022803D3FFE70120029000E07E
:10A10000FFE745F67000C2F20000006818B1FFE7F3
:10A110000120029000E0FFE707E045F2D871C2F2AB
:10A120000001086801300860FFE7029806B080BDB2
:10A1300080B586B0039003980290002001900398A8
:10A14000002867D0FFE7029840F6E871C2F20001EC
:10A15000096888420BD0FFE74FF0500080F3118868
:10A16000BFF36F8FBFF34F8F0590FFE7FEE70298B5
:10A17000006D58B9FFE74FF0500080F31188BFF32E
:10A180006F8FBFF34F8F0490FFE7FEE70299086DD2
:10A19000013808650299C86AC96C884238D0FFE75F
:10A1A0000298006D90BBFFE702980430FEF7F4FCC4
:10A1B00008B9FFE700E0FFE70299C86CC86202999E
:10A1C000C86AC0F1380088610298C06A45F2AC01E3
:10A1D000C2F200010968884208D9FFE70298C06A04
:10A1E00045F2AC01C2F200010860FFE70299C86ABB
:10A1F00000EB800241F20000C2F2000000EB82009E
:10A200000431FEF76FFD0120019000E0FFE700E060
:10A21000FFE700E0FFE7019806B080BD80B584B09D
:10A2200002900298C068C0680190019858B9FFE791
:10A230004FF0500080F31188BFF36F8FBFF34F8F43
:10A240000390FFE7FEE701981830FEF7A5FC45F202
:10A25000A400C2F20000006820BBFFE701980430B0
:10A26000FEF79AFC0198C06A45F2AC01C2F2000107
:10A270000968884208D9FFE70198C06A45F2AC0135
:10A28000C2F200010860FFE70199C86A00EB800292
:10A2900041F20000C2F2000000EB82000431FEF740
:10A2A00021FD09E0019800F1180145F2DC70C2F2CD
:10A2B0000000FEF717FDFFE70198C06A40F6E8715D
:10A2C000C2F200010968C96A884208D9FFE7012083
:10A2D000009045F67001C2F20001086002E0002023
:10A2E0000090FFE7009804B080BD000080B584B006
:10A2F00000200290019045F2A400C2F20000006824
:10A3000058B9FFE74FF0500080F31188BFF36F8F0B
:10A31000BFF34F8F0390FFE7FEE7FEF70BFD45F21B
:10A32000A400C2F200000168013901600068002841
:10A3300040F09980FFE745F29C00C2F200000068FF
:10A34000002800F08F80FFE7FFE745F2DC70C2F2E3
:10A3500000000068002842D0FFE745F2DC70C2F23E
:10A360000000C068C068029002981830FEF714FC24
:10A3700002980430FEF710FC0298C06A45F2AC0166
:10A38000C2F200010968884208D9FFE70298C06A52
:10A3900045F2AC01C2F200010860FFE70299C86A09
:10A3A00000EB800241F20000C2F2000000EB8200EC
:10A3B0000431FEF797FC0298C06A40F6E871C2F2D9
:10A3C00000010968C96A884207D3FFE745F67001B2
:10A3D000C2F200010120086000E0FFE7B5E7029843
:10A3E00018B1FFE7FDF72EFEFFE745F2D870C2F285
:10A3F0000000006800900098E0B1FFE7FFE7FFF77A
:10A40000B5FD38B1FFE745F67001C2F20001012049
:10A41000086000E0FFE7009801380090FFE700982F
:10A420000028ECD1FFE745F2D871C2F2000100200C
:10A43000086000E0FFE745F67000C2F20000006827
:10A4400070B1FFE7012001904EF60451CEF20001F9
:10A450004FF080500860BFF34F8FBFF36F8F00E065
:10A46000FFE7FFE700E0FFE7FEF790FC019804B08C
:10A4700080BD000080B58AB000200890FDF7CAF8C2
:10A4800045F66800C2F20000006858B3FFE70020FC
:10A4900004900790069007A806A905AAFEF7B6FB48
:10A4A000049B059A0698DDF81CC06946C1F808C0EF
:10A4B00048600220086048F2F110C0F600004AF639
:10A4C0001321C0F60001FFF7C3FC014645F66C00FE
:10A4D000C2F200000160006818B1FFE70120089097
:10A4E000FFE700E0FFE7089858B9FFE74FF050009A
:10A4F00080F31188BFF36F8FBFF34F8F0990FFE791
:10A50000FEE708980AB080BD80B58AB0DDF830C09B
:10A51000089007910692059300200490089858B976
:10A52000FFE74FF0500080F31188BFF36F8FBFF348
:10A530004F8F0990FFE7FEE745F66800C2F2000082
:10A540000068A8B3FFE70798009006980190089864
:10A550000290079805281EDCFFE7FFF7E1FC0228C0
:10A560000CD1FFE745F66800C2F2000000680C9AC3
:10A5700069460023FFF70CF904900BE045F66800EC
:10A58000C2F200000068694600231A46FFF700F98E
:10A590000490FFE70BE045F66800C2F20000006897
:10A5A000059A69460023FFF709FA0490FFE700E0E7
:10A5B000FFE704980AB080BD491058BFC1F140417F
:10A5C0005B1058BFC3F140438B42EFF300807047EC
:10A5D00051EA030C17D41CF5801F58BFBCF5801F2F
:10A5E00000F10680994218BF704708BF904270473B
:10A5F00007D711F5801F58BF13F5801F19D4994252
:10A600007047894270471CF5801F08D5BCF5801F34
:10A61000F7D58B4218BF704708BF824270474FF48E
:10A62000001C1CEB410F38BF1CEB430F01D28B42C7
:10A63000704770B500F080F8922449004FF0005147
:10A640004FF08053FFF7B8BF51EA030C17D41CF545
:10A65000801F58BFBCF5801F00F10680994218BFCB
:10A66000704708BF9042704707D711F5801F58BF49
:10A6700013F5801F19D499427047894270471CF521
:10A68000801F08D5BCF5801FF7D58B4218BF7047D7
:10A6900008BF824270474FF4001C1CEB410F38BFCB
:10A6A0001CEB430F01D28B42704770B500F044F8A9
:10A6B000922449004FF080514FF00053FFF77CBFC8
:10A6C00051EA030C17D41CF5801F58BFBCF5801F3E
:10A6D00000F10680994218BF704708BF904270474A
:10A6E00007D711F5801F58BF13F5801F19D4994261
:10A6F0007047894270471CF5801F08D5BCF5801F44
:10A70000F7D58B4218BF704708BF824270474FF49D
:10A71000001C1CEB410F38BF1CEB430F01D28B42D6
:10A72000704770B500F008F8922449004FF00051CE
:10A730004FF08053FFF740BF0EF1020E2EF0030ED4
:10A740005EF8046B364205D4012A43EB030515F588
:10A75000001F12D8012841EB010C1CF5001F0CD87A
:10A760000ED14FEAD17C0CEB4C0C0CF1020C15F520
:10A77000001F08BF4CEBD37C04E04FF0080C01E055
:10A780004FEAD37C0CEB4C0526FA05F606F00706DB
:10A79000B6F1040C06D20EEB860CBDE870404CF00E
:10A7A000010C6047DFE80CF0090B02024FF000419A
:10A7B000A1F500214FF0000070BD19461046012898
:10A7C00051EB010418BFD4F5001484BF002001F040
:10A7D000004170BD0808A0F500114FEA3101704733
:10A7E00043004FEAD30C4FEA3C0C43401FBF4007E5
:10A7F0000CF1605113F0FE4F70471CF0006F03D155
:10A800000CF00041002070470CF0004343EA507008
:10A8100040EACC0010B500F038F800BF000000920C
:10A820004FEA0001FFF7D6BF4FF00041A1F500212C
:10A830004FF00000704710B5FFF7CAFE0CBF0120B3
:10A84000002010BD10B5FFF7C3FE14BF012000208B
:10A8500010BD10B5FFF7F8FE8CBF0120002010BD21
:10A8600010B5FFF7F1FE2CBF0120002010BD10B580
:10A87000FFF726FF94BF0120002010BD10B5FFF7A1
:10A880001FFF34BF0120002010BD0EF1020E2EF07C
:10A89000030E5EF8044B244204D44FEA4102B2F1A5
:10A8A0007F4F11D84FEA4003B3F17F4F0CD80ED140
:10A8B0004FEAD07C0CEB4C0C0CF1020CB2F17F4F48
:10A8C00008BF4CEBD17C04E04FF0080C01E04FEAEC
:10A8D000D17C0CEB4C0324FA03F404F00704B4F12C
:10A8E000040C06D20EEB840CBDE810404CF0010CB9
:10A8F0006047DFE80CF0070802024FF00040A0F5C7
:10A90000800010BD0846420018BFD2F1807288BF97
:10A9100000F0004010BDF1EE100A4FF6FF71C0F2DA
:10A92000C03120EA010040F04070E1EE100A7047AB
:10A9300000000000000000000102030406070809EF
:10A94000000000000102030400AA0008000000004B
:10A9500000000000000000000000000000020000F5
:10A9600018000000000000000000000000061016A3
:10A9700000061016E1A90008000000000000000019
:10A9800000000000000000000002000018000000AD
:10A990000000000000000000E9A90008000000001D
:10A9A00000000000000000000000000000020000A5
:10A9B000180000000000000000000000F6A90008D8
:10A9C0000000000000000000000000000000000087
:10A9D000000200001800000000000000000000005D
:10A9E000004C65645461736B00536F6C656E6F69E6
:10A9F000645461736B0053746174655461736B00CC
:10AA0000426565705461736B0049444C4500546D58
:10AA1000725100546D7220537663000040AA000802
:10AA20000000002010000000C401000850AA000827
:10AA30001000002068640000E00100080000000031
:10AA40000024F4000100000010000000AAAAAAAA35
:040000050800018965
:00000001FF
